user_id,sign_up_date,convert_date,zip_code,user_type
1,2024-05-02 13:19:40,,43557,Casual User
2,2024-07-21 09:46:51,,40069,Adventurer
3,2024-03-18 13:18:32,2024-05-18 13:18:32,36210,Adventurer
4,2024-03-18 09:54:54,,81907,Philosopher
5,2024-10-27 18:42:08,,39347,Casual User
6,2024-06-14 00:02:31,,33003,Casual User
7,2024-07-22 06:59:25,,44468,Adventurer
8,2024-04-07 01:28:51,,51473,Power Seeker
9,2024-02-05 20:15:45,,43300,Philosopher
10,2024-02-17 22:53:03,,82679,Adventurer
11,2024-07-28 05:09:19,2024-08-06 05:09:19,68644,Philosopher
12,2024-08-09 10:04:48,2024-11-05 10:04:48,50444,Casual User
13,2024-04-03 06:07:37,,99477,Casual User
14,2024-08-16 13:00:05,,84747,Philosopher
15,2024-12-15 10:53:37,2025-02-02 10:53:37,64988,Philosopher
16,2024-12-25 03:13:25,2025-03-12 03:13:25,74941,Philosopher
17,2024-07-21 07:36:33,,83363,Casual User
18,2024-04-01 23:14:42,,26039,Casual User
19,2024-09-07 20:21:33,,56339,Casual User
20,2024-09-05 22:54:32,,27930,Power Seeker
21,2024-08-13 09:38:39,,99044,Casual User
22,2024-03-17 14:03:05,2024-05-13 14:03:05,99669,Adventurer
23,2024-04-30 14:51:28,,12343,Philosopher
24,2024-12-25 15:46:51,,23158,Casual User
25,2024-03-29 18:55:53,,34403,Philosopher
26,2024-12-14 03:09:46,,70834,Philosopher
27,2024-12-21 13:57:11,2025-01-25 13:57:11,70492,Adventurer
28,2024-02-04 13:37:32,,40565,Adventurer
29,2024-05-13 08:25:14,,64200,Power Seeker
30,2024-08-17 02:10:52,,95279,Casual User
31,2024-05-15 16:22:42,,40279,Casual User
32,2024-02-10 11:48:48,,53007,Adventurer
33,2024-09-27 19:06:18,2024-12-15 19:06:18,14667,Casual User
34,2024-06-08 07:22:49,,99749,Philosopher
35,2024-07-06 21:41:18,,71068,Casual User
36,2024-10-24 05:40:59,,35708,Philosopher
37,2024-09-18 09:06:21,,50303,Philosopher
38,2024-01-12 01:53:24,2024-02-08 01:53:24,85462,Adventurer
39,2024-01-25 08:30:13,2024-03-16 08:30:13,80840,Casual User
40,2024-03-18 12:41:22,,32149,Adventurer
41,2024-11-23 07:27:36,,85769,Casual User
42,2024-05-19 10:00:35,,40869,Philosopher
43,2024-02-09 17:16:58,2024-03-15 17:16:58,14984,Adventurer
44,2024-08-07 09:31:51,,73810,Casual User
45,2024-12-12 08:18:32,,24829,Casual User
46,2024-03-06 05:42:14,2024-06-12 05:42:14,27925,Casual User
47,2024-11-12 04:52:57,,33117,Philosopher
48,2024-04-03 01:09:16,,72497,Power Seeker
49,2024-12-13 07:51:14,,87221,Casual User
50,2024-12-10 03:19:33,,94667,Philosopher
51,2024-04-25 12:58:23,2024-06-02 12:58:23,25098,Philosopher
52,2024-11-21 01:26:56,,23404,Adventurer
53,2024-01-17 00:15:39,2024-04-14 00:15:39,56061,Casual User
54,2024-08-05 05:08:07,,74589,Philosopher
55,2024-05-11 00:27:51,2024-07-11 00:27:51,44620,Casual User
56,2024-08-28 00:10:29,2024-10-09 00:10:29,11598,Casual User
57,2024-04-14 16:17:02,2024-04-29 16:17:02,67462,Adventurer
58,2024-07-28 16:36:34,,84603,Power Seeker
59,2024-09-28 12:13:02,2024-12-07 12:13:02,30116,Casual User
60,2024-10-26 10:40:09,,87972,Power Seeker
61,2024-12-14 08:32:57,,60878,Philosopher
62,2024-10-24 06:13:33,,21725,Casual User
63,2024-05-01 21:45:44,,77335,Casual User
64,2024-06-11 04:33:16,,32071,Philosopher
65,2024-02-07 18:22:41,,33559,Adventurer
66,2024-05-23 17:08:05,,23879,Casual User
67,2024-01-27 22:28:50,,24337,Power Seeker
68,2024-12-25 09:22:29,,61374,Adventurer
69,2024-09-26 08:24:52,,89007,Casual User
70,2024-04-15 22:24:53,,51805,Casual User
71,2024-05-26 17:55:58,,92063,Adventurer
72,2024-10-10 17:50:13,,96782,Philosopher
73,2024-05-30 11:20:48,2024-08-15 11:20:48,80470,Casual User
74,2024-10-19 02:41:28,,23403,Power Seeker
75,2024-05-22 23:52:45,,10801,Philosopher
76,2024-12-04 13:52:00,2025-02-27 13:52:00,38975,Casual User
77,2024-09-28 04:13:43,2024-11-02 04:13:43,78389,Adventurer
78,2024-08-28 12:06:58,,18740,Casual User
79,2024-01-24 08:10:12,2024-04-16 08:10:12,60735,Adventurer
80,2024-07-23 04:47:16,,63471,Power Seeker
81,2024-07-16 22:59:51,,94828,Adventurer
82,2024-08-10 07:07:37,,14035,Casual User
83,2024-12-04 13:42:28,,88410,Philosopher
84,2024-02-26 03:25:56,,82190,Adventurer
85,2024-09-15 22:50:15,,96232,Casual User
86,2024-03-18 15:10:42,,27675,Casual User
87,2024-07-22 22:12:15,,91364,Philosopher
88,2024-03-28 15:39:30,,26044,Philosopher
89,2024-12-12 05:06:33,,39826,Casual User
90,2024-01-11 10:42:34,,87427,Casual User
91,2024-04-25 21:58:57,,88419,Casual User
92,2024-12-10 04:59:03,,74076,Casual User
93,2024-09-15 19:24:19,,62094,Casual User
94,2024-09-16 14:05:04,,52462,Philosopher
95,2024-08-07 15:40:04,,99007,Casual User
96,2024-02-20 06:00:02,,60453,Casual User
97,2024-03-05 14:45:44,,98345,Casual User
98,2024-04-18 17:08:51,,71026,Casual User
99,2024-12-18 12:45:18,2025-01-26 12:45:18,28623,Power Seeker
100,2024-07-30 04:52:46,,20076,Casual User
101,2024-08-29 19:50:08,2024-10-30 19:50:08,46436,Power Seeker
102,2024-10-13 15:00:15,,78806,Philosopher
103,2024-06-08 17:12:03,,89154,Casual User
104,2024-12-14 06:33:38,2024-12-26 06:33:38,44771,Philosopher
105,2024-07-02 04:57:00,,41033,Power Seeker
106,2024-04-25 04:37:15,,58472,Adventurer
107,2024-09-25 19:15:52,2024-10-13 19:15:52,40020,Adventurer
108,2024-06-06 06:04:22,,33084,Adventurer
109,2024-10-07 13:29:06,2024-12-20 13:29:06,86146,Casual User
110,2024-06-26 15:23:58,,93375,Philosopher
111,2024-01-18 13:21:30,,27695,Casual User
112,2024-03-29 23:04:59,,21122,Casual User
113,2024-10-12 18:49:41,,87257,Casual User
114,2024-07-13 22:10:56,2024-08-22 22:10:56,21358,Adventurer
115,2024-08-30 12:04:20,2024-12-02 12:04:20,23748,Power Seeker
116,2024-10-04 00:52:54,2024-12-23 00:52:54,48745,Casual User
117,2024-08-15 19:10:04,2024-09-08 19:10:04,49098,Philosopher
118,2024-12-23 02:17:16,,93989,Philosopher
119,2024-03-11 04:44:40,2024-04-08 04:44:40,87315,Adventurer
120,2024-03-20 18:29:03,,10476,Casual User
121,2024-10-29 06:25:13,2025-01-31 06:25:13,73590,Casual User
122,2024-03-21 21:27:18,2024-04-30 21:27:18,86351,Casual User
123,2024-12-09 20:57:12,,90661,Casual User
124,2024-02-28 09:42:03,,64311,Casual User
125,2024-10-11 14:58:39,,54881,Power Seeker
126,2024-03-30 00:03:32,,63345,Philosopher
127,2024-04-04 10:09:56,,92788,Casual User
128,2024-03-25 03:08:05,,69890,Casual User
129,2024-07-16 14:28:12,,60550,Casual User
130,2024-06-08 05:53:07,2024-08-20 05:53:07,92942,Power Seeker
131,2024-02-06 15:25:12,2024-04-25 15:25:12,96959,Casual User
132,2024-03-21 01:41:57,,96152,Casual User
133,2024-04-18 01:20:12,2024-05-14 01:20:12,87092,Adventurer
134,2024-06-27 11:36:38,,50036,Adventurer
135,2024-02-08 16:48:55,2024-05-03 16:48:55,27841,Casual User
136,2024-10-22 17:24:38,,10804,Casual User
137,2024-03-26 20:52:06,,95015,Adventurer
138,2024-12-08 18:47:18,,46809,Casual User
139,2024-06-26 15:19:24,2024-08-21 15:19:24,58201,Power Seeker
140,2024-12-18 00:44:54,,40116,Casual User
141,2024-10-12 06:54:08,,71615,Casual User
142,2024-09-07 12:08:12,,41415,Philosopher
143,2024-08-22 19:30:18,2024-11-07 19:30:18,10293,Adventurer
144,2024-07-26 15:18:03,,40517,Adventurer
145,2024-07-15 01:31:02,2024-08-20 01:31:02,86926,Philosopher
146,2024-02-16 16:31:52,,11502,Casual User
147,2024-06-18 20:00:28,,62032,Casual User
148,2024-08-26 13:45:14,,26394,Casual User
149,2024-09-06 09:41:37,,15213,Casual User
150,2024-07-23 18:42:06,,71552,Adventurer
151,2024-07-06 02:19:31,,96965,Casual User
152,2024-11-09 09:50:49,2025-02-09 09:50:49,52415,Power Seeker
153,2024-05-29 01:38:43,,94060,Casual User
154,2024-06-22 01:22:51,,81866,Casual User
155,2024-11-17 11:57:39,,29118,Casual User
156,2024-06-21 06:47:57,,11634,Casual User
157,2024-06-09 04:57:46,,33230,Power Seeker
158,2024-11-22 06:40:29,,53154,Adventurer
159,2024-02-02 14:29:07,,11842,Casual User
160,2024-02-19 14:34:41,,22479,Power Seeker
161,2024-12-25 17:13:48,,36803,Power Seeker
162,2024-10-16 04:57:23,,69537,Philosopher
163,2024-02-02 14:07:44,2024-02-09 14:07:44,42475,Adventurer
164,2024-11-03 22:04:25,,65096,Adventurer
165,2024-04-01 07:09:36,,50346,Casual User
166,2024-03-18 01:22:19,,57597,Casual User
167,2024-11-20 08:12:37,2024-11-26 08:12:37,24837,Casual User
168,2024-08-25 21:01:38,,86103,Casual User
169,2024-01-04 22:17:28,,31319,Casual User
170,2024-12-09 20:16:36,,10266,Adventurer
171,2024-11-24 02:15:21,,33458,Adventurer
172,2024-06-12 19:21:33,,10279,Casual User
173,2024-05-30 03:50:26,,54403,Casual User
174,2024-10-10 00:41:00,,56813,Adventurer
175,2024-07-31 07:24:39,,60997,Casual User
176,2024-07-14 17:26:22,,29092,Casual User
177,2024-08-06 13:53:21,,63072,Casual User
178,2024-03-21 23:41:53,,25205,Casual User
179,2024-09-16 01:00:43,,81463,Casual User
180,2024-10-19 07:59:56,,81029,Philosopher
181,2024-10-06 14:45:45,2024-12-24 14:45:45,54040,Casual User
182,2024-02-11 19:13:50,,47248,Casual User
183,2024-06-04 05:17:26,,69219,Adventurer
184,2024-07-03 13:44:10,2024-09-04 13:44:10,44894,Casual User
185,2024-05-10 20:43:49,,86418,Casual User
186,2024-07-01 16:36:23,2024-10-08 16:36:23,96206,Adventurer
187,2024-06-01 07:57:21,,38124,Adventurer
188,2024-06-02 05:41:19,,79846,Power Seeker
189,2024-06-13 00:30:40,2024-07-24 00:30:40,75323,Adventurer
190,2024-06-16 05:44:13,2024-08-26 05:44:13,45161,Casual User
191,2024-07-17 09:33:09,,56819,Casual User
192,2024-11-29 17:19:11,,18494,Casual User
193,2024-07-29 00:14:03,2024-11-02 00:14:03,53099,Casual User
194,2024-04-10 00:44:09,,91540,Casual User
195,2024-06-25 05:56:17,,90675,Adventurer
196,2024-04-02 18:14:16,,12758,Casual User
197,2024-08-12 05:30:34,2024-09-12 05:30:34,99481,Philosopher
198,2024-05-06 15:16:49,,46913,Casual User
199,2024-07-19 16:04:48,,26223,Power Seeker
200,2024-12-06 08:53:31,,47065,Casual User
201,2024-04-09 10:08:45,2024-07-14 10:08:45,94756,Adventurer
202,2024-08-01 09:26:11,,54912,Casual User
203,2024-11-05 05:18:35,,10856,Casual User
204,2024-11-21 11:16:34,,67983,Casual User
205,2024-11-09 10:41:01,,99604,Adventurer
206,2024-05-05 08:58:46,2024-07-28 08:58:46,15313,Casual User
207,2024-04-19 21:18:48,,38256,Adventurer
208,2024-11-12 06:10:25,,34726,Philosopher
209,2024-07-27 04:05:49,,51950,Philosopher
210,2024-10-17 18:13:15,,88244,Philosopher
211,2024-12-27 01:40:30,,54877,Casual User
212,2024-08-22 22:47:19,,38947,Casual User
213,2024-11-26 16:25:41,2025-03-06 16:25:41,87745,Casual User
214,2024-12-04 20:41:58,2025-03-08 20:41:58,26062,Philosopher
215,2024-06-08 05:12:14,2024-06-10 05:12:14,18983,Philosopher
216,2024-09-14 23:20:35,,21689,Casual User
217,2024-01-17 18:16:22,,74768,Casual User
218,2024-11-18 21:13:43,,21585,Casual User
219,2024-02-20 15:32:44,,24807,Power Seeker
220,2024-01-16 20:26:09,,37045,Philosopher
221,2024-09-14 11:19:27,,44651,Adventurer
222,2024-11-04 08:45:22,,88666,Adventurer
223,2024-05-08 17:51:09,,88931,Philosopher
224,2024-12-10 10:50:40,2025-03-14 10:50:40,17111,Casual User
225,2024-03-24 16:38:56,2024-05-10 16:38:56,53408,Philosopher
226,2024-07-13 05:38:09,,61118,Casual User
227,2024-07-22 22:23:34,2024-08-07 22:23:34,50977,Casual User
228,2024-04-12 00:08:36,,26753,Casual User
229,2024-06-06 21:28:40,,76617,Adventurer
230,2024-04-09 10:00:31,,49871,Power Seeker
231,2024-08-27 19:22:16,,71626,Adventurer
232,2024-04-12 05:24:59,,97016,Casual User
233,2024-05-27 13:52:17,2024-07-11 13:52:17,14514,Casual User
234,2024-05-03 13:06:28,,54355,Casual User
235,2024-11-18 09:28:59,,45530,Casual User
236,2024-03-14 12:42:43,,94184,Philosopher
237,2024-01-15 14:00:42,,32428,Adventurer
238,2024-04-28 20:48:03,,90610,Adventurer
239,2024-05-16 10:11:34,2024-07-25 10:11:34,74961,Philosopher
240,2024-11-04 22:15:18,,29280,Philosopher
241,2024-06-08 03:20:36,,21446,Adventurer
242,2024-06-27 19:06:33,,89604,Philosopher
243,2024-11-19 18:55:20,,35361,Casual User
244,2024-11-06 10:39:08,2025-02-01 10:39:08,66577,Casual User
245,2024-08-19 23:37:52,,50146,Casual User
246,2024-01-10 12:53:40,,63953,Casual User
247,2024-06-25 05:15:03,,80432,Adventurer
248,2024-09-09 11:48:06,,83523,Power Seeker
249,2024-04-24 08:14:17,,25349,Casual User
250,2024-11-07 04:46:48,2025-01-25 04:46:48,57607,Adventurer
251,2024-12-25 23:08:14,,13697,Philosopher
252,2024-05-18 04:49:28,,80952,Philosopher
253,2024-09-17 11:01:28,2024-10-14 11:01:28,40161,Adventurer
254,2024-07-27 05:18:24,,65172,Casual User
255,2024-02-29 10:21:05,2024-04-19 10:21:05,27940,Casual User
256,2024-11-24 19:01:50,,58191,Casual User
257,2024-09-09 06:30:29,,86118,Adventurer
258,2024-10-08 06:10:26,,22346,Adventurer
259,2024-01-25 01:06:35,,48150,Philosopher
260,2024-05-11 16:40:11,,88095,Casual User
261,2024-09-17 21:02:35,,42291,Power Seeker
262,2024-08-02 12:50:29,2024-11-10 12:50:29,29123,Power Seeker
263,2024-08-06 05:30:11,2024-11-04 05:30:11,78489,Casual User
264,2024-05-18 13:41:59,,47390,Casual User
265,2024-09-08 19:20:32,,65812,Philosopher
266,2024-05-25 12:33:53,2024-08-21 12:33:53,64085,Casual User
267,2024-10-25 00:13:15,,92739,Casual User
268,2024-08-21 05:08:52,,54498,Casual User
269,2024-09-10 20:37:42,,97710,Casual User
270,2024-12-21 22:59:24,,68603,Casual User
271,2024-12-11 02:50:08,2025-02-11 02:50:08,59127,Casual User
272,2024-04-11 09:46:06,,68529,Philosopher
273,2024-03-21 07:25:15,,83851,Casual User
274,2024-07-22 14:37:51,,91425,Adventurer
275,2024-11-29 13:43:48,,93077,Philosopher
276,2024-08-25 23:38:41,,43053,Casual User
277,2024-08-13 01:35:28,,58935,Casual User
278,2024-01-06 00:41:21,,18242,Casual User
279,2024-12-12 23:12:08,,66029,Casual User
280,2024-11-29 05:46:20,,43144,Power Seeker
281,2024-12-04 04:21:47,,77407,Casual User
282,2024-10-08 01:56:13,,53617,Casual User
283,2024-10-10 13:42:18,,19496,Philosopher
284,2024-01-14 02:40:07,,58949,Adventurer
285,2024-05-01 22:36:27,,98922,Adventurer
286,2024-06-24 07:28:37,,29150,Casual User
287,2024-09-12 02:05:12,,72764,Casual User
288,2024-04-10 06:53:45,,46096,Casual User
289,2024-09-21 15:34:30,,58939,Adventurer
290,2024-05-12 14:37:10,2024-06-19 14:37:10,18421,Casual User
291,2024-09-03 12:49:07,,41671,Casual User
292,2024-10-20 14:05:51,,40623,Power Seeker
293,2024-03-18 17:41:34,,95349,Philosopher
294,2024-12-22 10:28:37,,68441,Philosopher
295,2024-12-06 23:25:24,,11722,Casual User
296,2024-03-10 18:20:05,,13550,Casual User
297,2024-03-15 03:00:49,,70714,Adventurer
298,2024-12-04 16:54:40,2025-03-07 16:54:40,16807,Casual User
299,2024-06-07 09:30:21,,48423,Casual User
300,2024-03-28 02:12:59,,15201,Casual User
301,2024-01-03 03:32:56,,67473,Adventurer
302,2024-07-22 04:00:11,,42486,Casual User
303,2024-12-12 23:33:13,,96144,Casual User
304,2024-03-20 21:41:01,,62678,Casual User
305,2024-07-08 19:30:13,,88943,Casual User
306,2024-10-04 14:59:34,,58578,Casual User
307,2024-03-27 03:09:45,,32958,Casual User
308,2024-02-07 19:00:54,,19021,Adventurer
309,2024-04-19 00:46:25,,67843,Casual User
310,2024-09-07 14:15:39,,96572,Adventurer
311,2024-03-26 08:35:42,,80489,Adventurer
312,2024-04-02 07:52:51,,88263,Adventurer
313,2024-07-03 23:14:08,,10350,Casual User
314,2024-01-31 04:37:28,2024-04-18 04:37:28,61106,Casual User
315,2024-05-03 11:16:08,2024-05-26 11:16:08,64362,Casual User
316,2024-03-06 09:39:17,,71772,Casual User
317,2024-10-25 12:49:17,,62641,Casual User
318,2024-01-28 18:25:23,,67426,Adventurer
319,2024-10-08 22:29:07,,56647,Power Seeker
320,2024-06-29 08:09:23,,22479,Casual User
321,2024-09-10 22:40:17,,43362,Adventurer
322,2024-10-04 10:06:20,,36291,Casual User
323,2024-04-30 01:18:18,,41552,Casual User
324,2024-10-15 16:00:56,,94214,Casual User
325,2024-06-24 11:18:02,2024-10-02 11:18:02,12967,Philosopher
326,2024-09-16 05:18:32,,36571,Casual User
327,2024-08-10 03:32:18,,20014,Adventurer
328,2024-10-07 01:45:33,2024-10-19 01:45:33,99085,Casual User
329,2024-03-02 22:39:40,,58091,Casual User
330,2024-07-09 07:51:43,,19206,Casual User
331,2024-04-13 00:53:38,2024-07-11 00:53:38,15893,Casual User
332,2024-11-06 14:16:56,,15622,Casual User
333,2024-04-22 04:10:24,,41547,Philosopher
334,2024-12-23 02:24:53,,64442,Casual User
335,2024-10-30 06:18:33,,21367,Casual User
336,2024-06-22 10:34:58,,55168,Casual User
337,2024-08-06 01:51:33,2024-08-24 01:51:33,40101,Philosopher
338,2024-10-28 01:15:48,,43371,Adventurer
339,2024-05-22 14:18:00,,16522,Casual User
340,2024-09-29 16:49:16,2024-10-16 16:49:16,64455,Casual User
341,2024-10-07 16:55:12,,26542,Adventurer
342,2024-01-12 07:38:41,2024-03-06 07:38:41,12724,Casual User
343,2024-08-18 16:14:28,,12921,Casual User
344,2024-02-21 08:33:55,,12505,Adventurer
345,2024-03-28 04:01:54,,46301,Casual User
346,2024-08-20 18:17:32,,81984,Philosopher
347,2024-01-25 21:26:15,2024-02-28 21:26:15,74894,Casual User
348,2024-02-02 18:06:01,,89337,Philosopher
349,2024-01-08 17:25:24,,47007,Philosopher
350,2024-01-09 00:04:46,,49303,Adventurer
351,2024-07-28 17:17:09,2024-10-12 17:17:09,84901,Casual User
352,2024-06-06 06:27:30,2024-07-04 06:27:30,55234,Philosopher
353,2024-09-19 00:35:56,,31378,Adventurer
354,2024-04-26 08:38:51,2024-05-21 08:38:51,46981,Casual User
355,2024-03-21 12:11:43,,30232,Power Seeker
356,2024-11-19 05:53:45,,14980,Casual User
357,2024-06-20 14:13:47,,81292,Adventurer
358,2024-07-07 14:06:27,,14462,Philosopher
359,2024-04-19 16:18:02,2024-07-10 16:18:02,74253,Casual User
360,2024-03-07 20:46:53,,59246,Casual User
361,2024-05-20 22:09:10,,82756,Casual User
362,2024-09-07 04:17:25,2024-11-21 04:17:25,55215,Casual User
363,2024-09-01 09:27:09,,28236,Casual User
364,2024-09-14 05:54:05,,22131,Casual User
365,2024-11-19 11:15:55,,39790,Casual User
366,2024-10-03 03:03:49,,22561,Philosopher
367,2024-03-29 18:01:53,,19006,Philosopher
368,2024-11-16 17:44:12,,55047,Philosopher
369,2024-09-09 20:37:18,,37245,Casual User
370,2024-08-28 00:44:20,,74502,Casual User
371,2024-05-31 08:10:54,,28850,Casual User
372,2024-03-17 13:59:58,,92690,Casual User
373,2024-12-03 01:46:50,,70969,Adventurer
374,2024-10-06 06:01:17,,31029,Power Seeker
375,2024-09-24 16:55:43,,98060,Casual User
376,2024-01-11 11:19:47,,94469,Casual User
377,2024-09-30 00:11:26,,95289,Casual User
378,2024-08-28 23:10:15,,92613,Power Seeker
379,2024-02-12 16:27:21,,19611,Philosopher
380,2024-12-14 12:45:35,2025-03-05 12:45:35,97132,Casual User
381,2024-01-08 03:51:00,,61419,Casual User
382,2024-10-22 07:02:03,2024-12-19 07:02:03,25955,Power Seeker
383,2024-05-27 18:15:15,,44448,Power Seeker
384,2024-01-31 23:07:29,2024-04-19 23:07:29,27585,Casual User
385,2024-10-17 19:16:59,,97400,Adventurer
386,2024-01-23 13:21:34,,14048,Casual User
387,2024-02-12 18:18:24,,86259,Power Seeker
388,2024-06-12 16:58:51,,49085,Casual User
389,2024-02-01 05:34:58,2024-04-16 05:34:58,84120,Casual User
390,2024-02-28 13:32:35,2024-02-28 13:32:35,50572,Casual User
391,2024-02-01 08:21:26,2024-03-15 08:21:26,96996,Adventurer
392,2024-02-12 17:01:15,,33757,Casual User
393,2024-10-27 21:01:03,,54705,Philosopher
394,2024-01-19 13:14:49,,27667,Casual User
395,2024-02-27 12:38:52,,91655,Casual User
396,2024-09-09 13:08:53,,56436,Casual User
397,2024-01-13 20:02:29,2024-03-26 20:02:29,10703,Casual User
398,2024-01-13 02:14:48,,65282,Adventurer
399,2024-06-30 00:20:57,,75123,Casual User
400,2024-07-29 11:09:43,,61036,Philosopher
401,2024-01-19 16:23:11,,45497,Casual User
402,2024-08-19 07:43:34,,65640,Philosopher
403,2024-06-16 00:02:59,,94987,Casual User
404,2024-12-25 23:51:30,,63840,Casual User
405,2024-09-03 19:40:37,,89055,Philosopher
406,2024-06-23 04:27:09,,45925,Casual User
407,2024-08-09 03:44:20,,10848,Power Seeker
408,2024-05-30 18:25:38,2024-08-15 18:25:38,45725,Power Seeker
409,2024-08-30 03:18:07,2024-11-12 03:18:07,92915,Adventurer
410,2024-05-23 09:17:10,,73599,Casual User
411,2024-12-11 15:10:56,,53202,Philosopher
412,2024-10-27 12:02:39,,84913,Casual User
413,2024-07-22 21:13:12,,50248,Adventurer
414,2024-02-22 09:41:32,,33188,Adventurer
415,2024-06-06 19:03:23,,41850,Casual User
416,2024-12-18 22:10:20,,74816,Casual User
417,2024-07-23 02:00:47,,91433,Philosopher
418,2024-07-30 05:59:23,,10546,Philosopher
419,2024-08-21 18:06:13,,86430,Casual User
420,2024-11-07 04:11:04,,87546,Power Seeker
421,2024-06-24 18:11:10,,89494,Casual User
422,2024-08-13 09:58:22,,76733,Casual User
423,2024-05-27 11:21:08,2024-07-01 11:21:08,40948,Casual User
424,2024-06-14 04:36:17,,44372,Philosopher
425,2024-05-08 23:09:29,,81412,Adventurer
426,2024-03-02 04:57:23,,19658,Power Seeker
427,2024-06-08 17:06:30,,92771,Casual User
428,2024-10-14 13:07:21,,94024,Philosopher
429,2024-08-15 00:28:12,,22790,Adventurer
430,2024-05-13 17:49:43,,26612,Adventurer
431,2024-10-12 02:02:48,,35354,Casual User
432,2024-01-25 00:47:08,,15953,Casual User
433,2024-03-10 23:04:04,,80411,Casual User
434,2024-12-14 01:34:54,,94772,Casual User
435,2024-06-29 15:44:27,,18343,Power Seeker
436,2024-03-27 11:22:57,,26683,Philosopher
437,2024-01-27 11:22:11,,74173,Casual User
438,2024-05-09 10:09:57,,64293,Casual User
439,2024-01-17 21:07:53,,56742,Power Seeker
440,2024-11-05 00:48:11,,36600,Casual User
441,2024-11-13 16:24:44,,90371,Power Seeker
442,2024-03-17 08:27:14,,32351,Adventurer
443,2024-09-07 17:27:42,,84471,Philosopher
444,2024-12-21 14:11:35,2025-03-07 14:11:35,48910,Adventurer
445,2024-05-25 12:38:51,,13827,Casual User
446,2024-02-08 03:54:41,,38015,Casual User
447,2024-07-11 18:14:11,2024-09-21 18:14:11,75757,Casual User
448,2024-03-28 14:04:04,,88467,Philosopher
449,2024-02-03 00:19:25,,86944,Casual User
450,2024-05-02 08:05:55,,22639,Casual User
451,2024-07-05 02:40:00,,51426,Philosopher
452,2024-06-20 13:22:19,,17101,Adventurer
453,2024-12-06 23:31:48,,51739,Casual User
454,2024-04-19 16:53:15,,30454,Casual User
455,2024-02-12 21:49:28,2024-03-25 21:49:28,67243,Casual User
456,2024-10-28 22:12:05,,93651,Casual User
457,2024-07-03 09:46:10,,99802,Adventurer
458,2024-08-02 15:57:28,,15313,Casual User
459,2024-07-17 07:32:19,,64979,Philosopher
460,2024-05-09 20:38:20,,20330,Philosopher
461,2024-11-23 09:33:58,,29728,Power Seeker
462,2024-04-05 15:47:07,,18692,Philosopher
463,2024-07-03 09:58:01,,55395,Philosopher
464,2024-06-10 22:45:34,,41625,Adventurer
465,2024-12-29 06:21:10,,55992,Adventurer
466,2024-10-31 07:40:13,,86302,Adventurer
467,2024-08-02 10:20:42,,90599,Philosopher
468,2024-01-05 14:29:27,2024-01-25 14:29:27,34865,Casual User
469,2024-07-29 15:51:40,,85517,Adventurer
470,2024-09-11 10:05:53,,77681,Adventurer
471,2024-01-04 20:42:46,,23737,Casual User
472,2024-10-10 08:44:27,,59789,Adventurer
473,2024-12-26 19:53:47,,99774,Casual User
474,2024-02-25 23:19:39,2024-04-15 23:19:39,35552,Philosopher
475,2024-10-09 09:57:49,,14958,Casual User
476,2024-05-05 22:26:36,,99705,Casual User
477,2024-04-23 00:23:02,,53944,Casual User
478,2024-08-09 03:31:49,,71393,Philosopher
479,2024-04-21 03:06:29,,86021,Philosopher
480,2024-10-30 02:27:28,,46231,Adventurer
481,2024-10-17 22:58:54,,22994,Casual User
482,2024-09-14 06:07:11,,27445,Casual User
483,2024-06-30 13:45:05,,71281,Casual User
484,2024-06-25 09:01:44,2024-06-25 09:01:44,26529,Philosopher
485,2024-10-31 23:15:17,,67599,Casual User
486,2024-07-18 16:00:59,,39815,Casual User
487,2024-04-17 02:09:57,,48213,Power Seeker
488,2024-01-27 16:03:56,,45124,Adventurer
489,2024-02-17 19:55:22,,12016,Casual User
490,2024-12-23 14:21:49,2025-01-31 14:21:49,26567,Casual User
491,2024-07-05 10:43:59,2024-10-11 10:43:59,88678,Casual User
492,2024-02-24 13:02:21,,70428,Casual User
493,2024-10-30 03:52:29,,77346,Casual User
494,2024-11-16 23:53:34,,45507,Casual User
495,2024-09-24 14:42:51,,62028,Casual User
496,2024-08-26 13:57:18,,32804,Casual User
497,2024-11-11 16:54:03,,89178,Casual User
498,2024-04-18 04:21:55,,90348,Casual User
499,2024-09-28 23:20:52,,67907,Philosopher
500,2024-08-04 12:40:44,2024-11-02 12:40:44,87772,Casual User
501,2024-05-07 20:56:44,,43606,Philosopher
502,2024-12-20 18:49:20,2025-02-18 18:49:20,15992,Casual User
503,2024-06-26 12:33:04,,80828,Casual User
504,2024-09-11 01:32:08,2024-12-05 01:32:08,65008,Adventurer
505,2024-03-14 05:19:16,,33700,Philosopher
506,2024-09-28 23:51:48,,13641,Casual User
507,2024-12-01 22:29:42,,85664,Casual User
508,2024-09-19 01:10:22,,19510,Casual User
509,2024-07-23 20:18:05,2024-08-06 20:18:05,62854,Power Seeker
510,2024-05-02 12:42:28,2024-05-19 12:42:28,23035,Philosopher
511,2024-02-29 22:37:04,2024-04-07 22:37:04,99555,Casual User
512,2024-05-20 01:50:53,2024-06-18 01:50:53,72147,Casual User
513,2024-01-01 11:01:52,2024-03-02 11:01:52,63453,Casual User
514,2024-11-20 01:50:43,,55425,Casual User
515,2024-01-10 23:54:40,,55397,Casual User
516,2024-09-02 01:51:31,,72322,Casual User
517,2024-06-26 15:45:24,,72007,Philosopher
518,2024-05-28 13:04:56,,54479,Philosopher
519,2024-11-22 17:37:18,,30663,Casual User
520,2024-12-15 20:16:09,2025-01-27 20:16:09,92690,Casual User
521,2024-02-19 08:14:27,,57891,Casual User
522,2024-08-08 20:22:51,,10962,Casual User
523,2024-01-17 07:36:59,,13905,Casual User
524,2024-01-10 12:29:55,,49833,Adventurer
525,2024-03-13 08:52:01,,67004,Casual User
526,2024-05-06 10:43:31,,78203,Adventurer
527,2024-11-09 03:59:16,2024-12-04 03:59:16,31778,Philosopher
528,2024-08-13 08:25:21,,92627,Casual User
529,2024-02-21 04:02:29,,16900,Philosopher
530,2024-01-14 11:17:09,,99425,Casual User
531,2024-06-11 09:45:42,,30167,Casual User
532,2024-01-11 09:10:18,,85481,Power Seeker
533,2024-12-12 15:54:01,,80784,Casual User
534,2024-01-08 15:27:03,,38149,Casual User
535,2024-05-02 20:19:57,,73491,Adventurer
536,2024-11-26 04:41:33,,45727,Casual User
537,2024-04-14 11:50:31,,71224,Casual User
538,2024-01-17 05:54:57,,13563,Casual User
539,2024-01-27 12:14:48,,68104,Power Seeker
540,2024-07-19 00:21:41,,49620,Casual User
541,2024-02-26 13:25:51,,22143,Casual User
542,2024-08-08 02:13:02,,37038,Casual User
543,2024-03-06 01:24:45,,93074,Adventurer
544,2024-08-09 04:26:12,,79433,Adventurer
545,2024-02-18 16:50:54,2024-02-27 16:50:54,42503,Casual User
546,2024-01-03 03:09:25,,73047,Adventurer
547,2024-11-07 02:55:32,,24428,Casual User
548,2024-02-10 19:47:07,,23231,Casual User
549,2024-10-24 11:41:51,,79155,Casual User
550,2024-05-09 19:57:17,2024-07-15 19:57:17,54816,Casual User
551,2024-08-04 13:14:54,2024-11-02 13:14:54,78208,Philosopher
552,2024-06-11 11:53:33,2024-07-02 11:53:33,52317,Casual User
553,2024-05-02 23:57:17,,41468,Casual User
554,2024-09-29 16:18:46,,49247,Casual User
555,2024-10-05 19:20:44,,28570,Casual User
556,2024-03-20 07:23:11,,19057,Casual User
557,2024-08-08 06:29:41,,12325,Casual User
558,2024-12-12 02:15:58,,53819,Casual User
559,2024-11-02 08:02:18,,51345,Casual User
560,2024-08-07 23:54:02,,48783,Philosopher
561,2024-01-19 05:04:11,2024-02-26 05:04:11,59609,Casual User
562,2024-12-24 20:37:06,,89581,Casual User
563,2024-12-20 12:09:40,,88361,Adventurer
564,2024-11-26 05:54:59,,42744,Casual User
565,2024-07-29 10:50:54,,38567,Philosopher
566,2024-06-04 05:42:08,,68098,Casual User
567,2024-08-02 19:11:11,,74068,Power Seeker
568,2024-03-06 18:20:34,,66907,Adventurer
569,2024-04-11 03:24:56,,73042,Power Seeker
570,2024-10-02 00:59:05,,38252,Adventurer
571,2024-09-28 17:20:59,,31936,Power Seeker
572,2024-02-07 13:58:43,2024-04-07 13:58:43,97625,Casual User
573,2024-03-19 21:16:10,,60677,Adventurer
574,2024-09-22 19:07:02,,70466,Casual User
575,2024-11-14 00:42:14,,86051,Casual User
576,2024-08-30 07:35:09,,80163,Power Seeker
577,2024-10-01 03:06:21,2024-11-17 03:06:21,30416,Power Seeker
578,2024-02-08 19:53:06,,26339,Casual User
579,2024-04-22 06:01:18,,41054,Casual User
580,2024-09-14 18:23:46,,81961,Casual User
581,2024-09-05 10:50:38,,73569,Casual User
582,2024-11-17 00:41:04,,91390,Casual User
583,2024-02-09 02:50:27,,62740,Philosopher
584,2024-09-07 10:19:25,,55176,Casual User
585,2024-04-29 19:20:15,,77923,Philosopher
586,2024-01-24 06:51:59,2024-04-26 06:51:59,55771,Casual User
587,2024-08-01 15:42:19,,73611,Philosopher
588,2024-08-10 05:39:11,,56613,Casual User
589,2024-07-03 12:45:15,2024-08-12 12:45:15,94325,Casual User
590,2024-08-21 12:36:07,,75763,Casual User
591,2024-07-19 03:57:48,,36978,Adventurer
592,2024-12-18 02:47:02,2025-03-25 02:47:02,85086,Adventurer
593,2024-07-21 09:54:03,,47173,Casual User
594,2024-10-07 01:23:16,2024-11-29 01:23:16,74973,Casual User
595,2024-09-10 03:16:43,,52318,Casual User
596,2024-04-24 18:36:37,,76689,Philosopher
597,2024-07-30 09:59:54,2024-10-16 09:59:54,41891,Power Seeker
598,2024-04-17 12:54:00,,66469,Adventurer
599,2024-02-07 23:11:41,2024-03-23 23:11:41,85681,Casual User
600,2024-07-08 01:46:06,,77569,Casual User
601,2024-07-27 02:51:49,2024-11-01 02:51:49,50544,Power Seeker
602,2024-09-22 21:21:17,,73759,Casual User
603,2024-04-28 02:29:19,2024-07-09 02:29:19,15063,Adventurer
604,2024-01-15 05:22:08,,19764,Casual User
605,2024-03-26 06:20:51,,32094,Casual User
606,2024-02-01 18:33:37,,26414,Philosopher
607,2024-04-25 13:16:26,,80008,Casual User
608,2024-10-07 02:52:57,,42691,Casual User
609,2024-03-18 09:47:12,,14186,Philosopher
610,2024-02-28 16:03:11,,93338,Adventurer
611,2024-07-17 04:50:28,,53771,Casual User
612,2024-05-18 22:57:39,,59179,Adventurer
613,2024-05-13 14:28:42,,93845,Casual User
614,2024-06-30 00:06:07,,10093,Adventurer
615,2024-05-06 16:45:00,,24409,Casual User
616,2024-10-12 00:10:07,,22575,Casual User
617,2024-08-06 12:58:04,,84157,Casual User
618,2024-05-02 09:40:34,,45319,Casual User
619,2024-06-24 22:38:39,,60378,Casual User
620,2024-01-15 14:44:45,,48029,Casual User
621,2024-04-27 19:36:56,2024-06-21 19:36:56,76251,Casual User
622,2024-05-18 08:43:03,,17848,Casual User
623,2024-07-25 00:19:30,,54416,Casual User
624,2024-09-10 07:03:17,,15058,Adventurer
625,2024-04-29 17:17:36,,79457,Casual User
626,2024-07-11 19:43:42,,57712,Casual User
627,2024-07-29 10:41:12,,77846,Casual User
628,2024-11-10 03:37:12,2025-01-15 03:37:12,56461,Casual User
629,2024-06-21 14:53:00,,37888,Casual User
630,2024-04-25 13:55:24,2024-05-14 13:55:24,76651,Philosopher
631,2024-05-17 07:44:27,2024-06-22 07:44:27,51652,Casual User
632,2024-12-06 16:51:47,,57765,Casual User
633,2024-03-27 10:24:58,,20644,Power Seeker
634,2024-09-06 00:27:07,,74514,Philosopher
635,2024-10-26 12:33:42,,65769,Casual User
636,2024-09-30 16:57:47,,49082,Power Seeker
637,2024-12-23 11:54:01,,11727,Casual User
638,2024-05-27 22:35:36,,38937,Casual User
639,2024-04-19 13:15:25,,43113,Power Seeker
640,2024-09-15 20:24:21,,31083,Casual User
641,2024-08-13 08:48:18,,16943,Power Seeker
642,2024-09-18 16:36:34,,42116,Casual User
643,2024-09-24 11:49:41,2024-12-24 11:49:41,94520,Casual User
644,2024-05-03 14:02:23,,64494,Philosopher
645,2024-06-12 18:13:10,,73738,Philosopher
646,2024-12-21 12:04:03,2025-03-21 12:04:03,35195,Power Seeker
647,2024-07-17 04:31:44,2024-08-19 04:31:44,82673,Casual User
648,2024-03-03 08:39:24,,84474,Adventurer
649,2024-08-08 13:13:57,,49649,Casual User
650,2024-10-30 18:25:04,,52056,Adventurer
651,2024-03-25 12:54:28,2024-03-29 12:54:28,95299,Philosopher
652,2024-11-26 19:10:55,,82104,Power Seeker
653,2024-02-10 10:52:35,,64218,Casual User
654,2024-12-03 10:29:11,2024-12-04 10:29:11,27855,Adventurer
655,2024-05-18 22:10:31,,84596,Adventurer
656,2024-06-03 00:04:18,2024-08-07 00:04:18,42355,Adventurer
657,2024-07-13 20:07:54,,73085,Philosopher
658,2024-09-26 08:07:27,2024-11-04 08:07:27,36719,Philosopher
659,2024-05-07 01:35:35,,56502,Adventurer
660,2024-06-04 00:26:16,,23319,Casual User
661,2024-07-19 22:01:30,,77606,Adventurer
662,2024-03-24 14:40:18,,10388,Adventurer
663,2024-06-12 14:49:23,,51276,Casual User
664,2024-04-09 20:48:30,,20883,Adventurer
665,2024-07-17 20:53:26,,59539,Philosopher
666,2024-01-22 20:23:58,,46961,Adventurer
667,2024-09-18 06:21:15,,50370,Casual User
668,2024-12-08 15:42:54,2024-12-31 15:42:54,78260,Philosopher
669,2024-02-24 21:59:35,,91313,Philosopher
670,2024-03-30 02:08:40,,38967,Casual User
671,2024-10-24 18:40:16,,36712,Power Seeker
672,2024-01-04 07:05:36,,73047,Casual User
673,2024-12-23 00:32:00,,86072,Adventurer
674,2024-11-30 18:59:43,,51300,Casual User
675,2024-03-29 04:33:59,,34092,Casual User
676,2024-07-30 23:25:24,,16397,Casual User
677,2024-06-21 02:01:34,,78363,Casual User
678,2024-09-03 01:59:04,2024-11-04 01:59:04,93972,Adventurer
679,2024-02-13 00:15:26,,40779,Power Seeker
680,2024-08-14 22:48:34,,44755,Adventurer
681,2024-05-28 05:10:03,,85372,Philosopher
682,2024-05-25 21:42:23,,88637,Casual User
683,2024-03-30 19:07:08,,21970,Casual User
684,2024-07-12 14:46:06,,19867,Casual User
685,2024-09-24 14:40:30,,17738,Casual User
686,2024-12-09 05:23:03,,33086,Power Seeker
687,2024-06-24 15:38:18,,58377,Casual User
688,2024-09-19 04:39:18,,27367,Casual User
689,2024-10-29 14:44:23,,35174,Casual User
690,2024-01-17 19:59:56,,97421,Adventurer
691,2024-03-30 13:08:35,,48537,Philosopher
692,2024-08-06 07:11:25,2024-09-13 07:11:25,67977,Philosopher
693,2024-01-05 21:40:22,,59331,Casual User
694,2024-05-06 01:29:49,,99505,Casual User
695,2024-03-25 16:49:06,,41847,Power Seeker
696,2024-06-24 22:50:35,,21435,Casual User
697,2024-03-03 17:10:16,,20887,Adventurer
698,2024-04-24 01:19:49,,71534,Philosopher
699,2024-06-17 20:27:17,,82969,Philosopher
700,2024-02-28 13:44:57,,67987,Power Seeker
701,2024-04-21 21:40:15,,99938,Philosopher
702,2024-10-11 19:07:35,,63106,Casual User
703,2024-04-14 01:54:30,,56893,Casual User
704,2024-12-05 20:06:54,,39113,Casual User
705,2024-08-26 13:45:55,,12715,Adventurer
706,2024-04-22 19:12:36,,68030,Casual User
707,2024-05-27 16:18:26,,21563,Casual User
708,2024-04-27 08:02:39,,23528,Casual User
709,2024-10-16 07:46:19,,55159,Power Seeker
710,2024-12-30 05:31:45,,94247,Casual User
711,2024-09-21 14:42:26,,69875,Power Seeker
712,2024-03-24 20:18:46,,20836,Adventurer
713,2024-06-05 12:07:46,,66483,Casual User
714,2024-12-12 02:15:35,2025-03-10 02:15:35,84274,Philosopher
715,2024-04-19 21:26:56,,99410,Casual User
716,2024-07-11 15:59:20,2024-07-19 15:59:20,70731,Casual User
717,2024-06-16 17:18:05,,21715,Casual User
718,2024-10-22 11:53:56,,29595,Casual User
719,2024-01-14 11:30:53,,50701,Philosopher
720,2024-04-06 17:35:02,,31366,Casual User
721,2024-01-08 18:10:48,,22932,Casual User
722,2024-11-19 22:34:25,,22889,Casual User
723,2024-07-03 12:31:30,,60626,Casual User
724,2024-10-19 01:29:48,,38960,Power Seeker
725,2024-12-28 08:31:54,,30751,Philosopher
726,2024-08-22 01:15:24,,89099,Adventurer
727,2024-01-24 05:00:43,,96880,Casual User
728,2024-10-24 11:26:55,,92792,Casual User
729,2024-07-17 05:54:29,,33673,Adventurer
730,2024-06-11 04:19:11,,88552,Adventurer
731,2024-12-19 04:08:41,,54484,Casual User
732,2024-04-12 01:58:18,,57296,Power Seeker
733,2024-01-02 13:55:24,,53587,Power Seeker
734,2024-04-14 05:55:01,,18156,Adventurer
735,2024-04-27 10:43:19,,69572,Adventurer
736,2024-08-07 11:09:55,,49949,Power Seeker
737,2024-01-08 09:42:49,,61069,Power Seeker
738,2024-03-12 17:55:42,,88334,Philosopher
739,2024-04-12 21:03:26,,99345,Philosopher
740,2024-01-06 13:25:07,,37395,Casual User
741,2024-01-15 14:27:33,,55635,Philosopher
742,2024-11-24 03:05:54,,90517,Casual User
743,2024-06-04 18:11:41,,60337,Casual User
744,2024-10-05 00:44:54,2024-11-06 00:44:54,21607,Adventurer
745,2024-01-03 17:17:21,,83479,Casual User
746,2024-09-08 08:45:10,,50501,Casual User
747,2024-06-29 19:36:41,,12560,Adventurer
748,2024-07-21 04:16:09,,29674,Casual User
749,2024-07-21 03:59:44,,34525,Adventurer
750,2024-03-31 16:23:14,,89271,Casual User
751,2024-11-26 20:16:44,,60433,Philosopher
752,2024-07-01 02:34:39,,14939,Casual User
753,2024-07-12 18:51:06,,18337,Power Seeker
754,2024-11-09 11:12:50,,95743,Casual User
755,2024-08-06 15:49:06,,23970,Casual User
756,2024-03-26 21:27:09,,13904,Adventurer
757,2024-12-02 05:17:46,,68761,Philosopher
758,2024-02-10 17:11:52,,50912,Power Seeker
759,2024-02-28 14:21:11,,26568,Casual User
760,2024-04-14 01:36:17,,50053,Casual User
761,2024-08-07 11:40:26,2024-11-07 11:40:26,52968,Casual User
762,2024-09-22 12:01:05,,18581,Casual User
763,2024-02-06 08:31:28,2024-04-25 08:31:28,95727,Philosopher
764,2024-12-21 00:52:26,,13228,Philosopher
765,2024-09-06 18:38:13,,97439,Casual User
766,2024-05-07 09:27:39,2024-05-07 09:27:39,92475,Casual User
767,2024-12-10 17:51:02,2025-03-03 17:51:02,35195,Casual User
768,2024-11-25 09:58:25,,88175,Casual User
769,2024-09-05 03:23:25,,53247,Philosopher
770,2024-11-20 18:35:17,2024-12-25 18:35:17,56409,Philosopher
771,2024-08-18 23:26:44,,13035,Casual User
772,2024-10-28 17:22:10,,99030,Casual User
773,2024-03-11 17:44:30,,63943,Casual User
774,2024-06-13 07:02:12,,60316,Philosopher
775,2024-10-10 14:15:23,,97352,Casual User
776,2024-04-17 08:19:45,,48377,Casual User
777,2024-04-07 23:17:36,2024-05-21 23:17:36,87292,Philosopher
778,2024-03-11 21:31:01,,41314,Power Seeker
779,2024-10-11 05:39:32,,56210,Adventurer
780,2024-10-08 08:21:45,,91561,Casual User
781,2024-12-28 02:46:32,,60367,Casual User
782,2024-10-19 01:50:19,,63308,Adventurer
783,2024-10-28 11:32:11,,61786,Casual User
784,2024-08-27 21:09:38,,85042,Casual User
785,2024-06-13 08:25:31,2024-08-09 08:25:31,70884,Philosopher
786,2024-10-03 08:16:50,,68115,Casual User
787,2024-01-06 13:03:36,,89401,Casual User
788,2024-12-30 04:08:15,,64335,Adventurer
789,2024-04-21 07:03:03,2024-06-17 07:03:03,26033,Philosopher
790,2024-07-25 19:47:01,,83097,Casual User
791,2024-06-12 21:29:21,,57289,Philosopher
792,2024-05-03 10:12:32,,65855,Adventurer
793,2024-01-27 16:54:56,,41531,Casual User
794,2024-07-23 07:18:20,,14337,Casual User
795,2024-09-15 12:16:29,,50652,Philosopher
796,2024-08-16 21:07:46,,79395,Casual User
797,2024-01-12 05:17:36,2024-03-13 05:17:36,75809,Casual User
798,2024-10-24 02:32:18,,22666,Adventurer
799,2024-02-15 07:23:32,2024-03-16 07:23:32,59151,Casual User
800,2024-02-15 21:09:07,,72314,Adventurer
801,2024-05-10 04:53:56,,56813,Casual User
802,2024-05-19 16:34:04,,77722,Casual User
803,2024-01-29 20:11:09,,16369,Philosopher
804,2024-02-20 12:28:46,,84423,Casual User
805,2024-02-13 10:26:14,2024-04-30 10:26:14,31383,Adventurer
806,2024-08-15 13:21:47,2024-10-23 13:21:47,53196,Casual User
807,2024-01-04 02:29:17,2024-03-28 02:29:17,62215,Adventurer
808,2024-09-23 01:15:01,,20553,Power Seeker
809,2024-08-10 04:52:40,2024-09-19 04:52:40,94688,Casual User
810,2024-01-17 14:00:57,,21551,Casual User
811,2024-11-05 06:30:06,,34534,Adventurer
812,2024-05-27 18:59:52,,65139,Casual User
813,2024-11-25 20:04:52,2024-12-07 20:04:52,16606,Casual User
814,2024-07-18 17:49:30,,12204,Casual User
815,2024-06-23 05:07:27,,57983,Adventurer
816,2024-08-06 03:11:00,,32436,Adventurer
817,2024-11-27 21:59:19,,96428,Adventurer
818,2024-09-01 02:11:52,,64888,Adventurer
819,2024-06-25 10:15:54,,60894,Philosopher
820,2024-05-24 07:55:32,,58515,Adventurer
821,2024-01-29 02:22:36,,88796,Casual User
822,2024-02-26 18:23:10,,32073,Philosopher
823,2024-01-29 13:34:21,,98160,Philosopher
824,2024-07-12 18:48:15,,98264,Casual User
825,2024-03-26 10:43:27,,33637,Philosopher
826,2024-07-16 18:40:06,,45076,Power Seeker
827,2024-03-29 22:02:01,,88159,Philosopher
828,2024-03-24 04:06:25,2024-05-31 04:06:25,23640,Power Seeker
829,2024-07-16 10:15:14,,22605,Power Seeker
830,2024-08-14 02:39:17,,55062,Adventurer
831,2024-03-09 06:40:46,2024-05-27 06:40:46,97943,Philosopher
832,2024-01-06 01:48:20,,91858,Casual User
833,2024-09-14 09:33:55,,20062,Philosopher
834,2024-04-26 19:47:11,2024-07-24 19:47:11,87093,Philosopher
835,2024-05-15 02:13:17,2024-06-22 02:13:17,40338,Casual User
836,2024-08-31 01:29:39,,92885,Adventurer
837,2024-04-28 19:59:46,,82007,Casual User
838,2024-12-26 21:35:36,,37385,Philosopher
839,2024-09-04 07:24:43,2024-11-22 07:24:43,48863,Adventurer
840,2024-06-29 15:13:30,,65833,Casual User
841,2024-09-20 19:26:48,2024-12-25 19:26:48,88183,Power Seeker
842,2024-04-26 09:33:55,,30380,Casual User
843,2024-06-26 04:45:19,,27315,Casual User
844,2024-08-30 01:40:08,2024-10-21 01:40:08,79810,Adventurer
845,2024-07-14 12:28:24,2024-08-14 12:28:24,30097,Casual User
846,2024-11-15 05:21:14,,24909,Philosopher
847,2024-08-12 02:05:55,2024-09-09 02:05:55,65587,Casual User
848,2024-03-06 08:49:33,,59798,Adventurer
849,2024-04-25 23:10:18,,79521,Casual User
850,2024-03-25 04:42:29,,83007,Adventurer
851,2024-04-27 09:30:22,,64130,Casual User
852,2024-07-21 02:24:16,,78229,Casual User
853,2024-02-20 07:36:46,,58117,Casual User
854,2024-02-01 00:00:02,,31394,Casual User
855,2024-03-31 22:20:01,,82716,Philosopher
856,2024-04-08 08:37:36,,82063,Philosopher
857,2024-06-03 02:42:44,,32812,Casual User
858,2024-11-11 05:50:00,,18586,Casual User
859,2024-09-25 04:45:28,2024-11-08 04:45:28,71337,Power Seeker
860,2024-05-27 04:04:54,,96051,Casual User
861,2024-08-15 02:29:38,,31013,Casual User
862,2024-02-08 06:03:17,,41706,Casual User
863,2024-10-15 02:05:59,,81250,Casual User
864,2024-11-16 07:12:35,,13250,Adventurer
865,2024-05-13 04:20:24,,25081,Casual User
866,2024-01-11 05:41:44,,72723,Philosopher
867,2024-05-27 05:33:51,,92902,Casual User
868,2024-07-08 01:53:40,,20570,Adventurer
869,2024-07-01 06:55:36,,99978,Casual User
870,2024-02-20 11:02:17,,53357,Power Seeker
871,2024-06-22 05:27:25,,95445,Power Seeker
872,2024-06-09 11:27:30,,31538,Casual User
873,2024-01-27 04:41:14,,39740,Adventurer
874,2024-06-23 16:41:46,2024-08-22 16:41:46,90948,Casual User
875,2024-04-29 20:11:26,,50362,Adventurer
876,2024-12-27 22:22:59,,69868,Casual User
877,2024-05-24 19:15:57,2024-08-04 19:15:57,89396,Philosopher
878,2024-08-03 04:03:40,2024-10-18 04:03:40,59436,Casual User
879,2024-02-10 11:39:06,,38293,Adventurer
880,2024-02-13 08:03:18,,57853,Adventurer
881,2024-08-30 03:34:20,,83425,Philosopher
882,2024-06-03 13:27:10,,68281,Power Seeker
883,2024-05-09 23:54:25,,33980,Philosopher
884,2024-12-01 00:20:03,,55283,Philosopher
885,2024-12-08 20:36:33,,32404,Power Seeker
886,2024-08-14 15:18:41,2024-11-06 15:18:41,64606,Power Seeker
887,2024-02-12 10:23:54,,38592,Casual User
888,2024-10-28 16:26:04,2025-01-11 16:26:04,88019,Power Seeker
889,2024-08-28 00:13:52,,87236,Power Seeker
890,2024-05-21 18:52:50,,10588,Power Seeker
891,2024-11-20 06:59:25,,15009,Adventurer
892,2024-05-31 18:21:01,,30090,Adventurer
893,2024-11-04 17:14:33,,13714,Casual User
894,2024-02-18 18:11:16,,15922,Philosopher
895,2024-10-14 19:11:11,,37688,Philosopher
896,2024-06-29 18:23:05,,34326,Casual User
897,2024-01-20 21:46:33,2024-03-14 21:46:33,93680,Casual User
898,2024-05-18 22:15:33,2024-08-21 22:15:33,64649,Philosopher
899,2024-09-23 08:38:38,2024-10-24 08:38:38,95023,Casual User
900,2024-06-12 05:29:55,,21506,Casual User
901,2024-07-09 06:33:33,,64792,Adventurer
902,2024-03-25 22:44:40,,47979,Casual User
903,2024-01-11 23:56:23,,68561,Power Seeker
904,2024-10-22 02:00:20,,64881,Philosopher
905,2024-05-09 08:21:04,2024-07-18 08:21:04,28855,Adventurer
906,2024-02-06 02:08:15,,17525,Philosopher
907,2024-06-12 06:50:21,,50422,Casual User
908,2024-02-17 19:43:14,,29878,Philosopher
909,2024-03-16 05:55:07,,33506,Casual User
910,2024-07-10 07:54:02,,43255,Adventurer
911,2024-12-08 19:12:55,,99280,Adventurer
912,2024-09-29 12:54:26,,70256,Philosopher
913,2024-10-14 12:01:31,,60281,Casual User
914,2024-12-04 18:41:02,,25440,Adventurer
915,2024-06-03 04:17:17,,61736,Casual User
916,2024-10-20 01:24:29,,75716,Casual User
917,2024-09-14 08:47:45,,90004,Philosopher
918,2024-08-12 09:13:29,,33160,Adventurer
919,2024-11-05 17:16:50,,70287,Philosopher
920,2024-04-05 09:33:18,,41954,Philosopher
921,2024-07-07 18:20:32,,92608,Adventurer
922,2024-06-07 19:57:59,,52011,Adventurer
923,2024-05-03 14:55:09,,61079,Casual User
924,2024-03-04 19:12:00,,86480,Casual User
925,2024-04-01 07:40:37,,88563,Adventurer
926,2024-03-24 22:16:12,,21320,Casual User
927,2024-05-29 20:59:46,,96659,Casual User
928,2024-08-07 18:49:44,,75754,Adventurer
929,2024-01-17 22:33:35,2024-03-12 22:33:35,29246,Power Seeker
930,2024-08-24 21:04:54,,66299,Casual User
931,2024-12-11 04:08:22,,62506,Philosopher
932,2024-12-13 00:53:53,,57378,Philosopher
933,2024-07-23 00:00:44,,83044,Casual User
934,2024-09-13 12:24:02,2024-12-17 12:24:02,10246,Philosopher
935,2024-04-24 11:18:03,,24585,Casual User
936,2024-11-02 22:05:42,2025-01-29 22:05:42,13287,Philosopher
937,2024-06-25 12:18:49,2024-09-02 12:18:49,98131,Adventurer
938,2024-12-25 19:50:48,,55049,Adventurer
939,2024-06-21 02:18:16,,25441,Philosopher
940,2024-09-12 04:21:03,2024-11-18 04:21:03,79065,Power Seeker
941,2024-12-12 03:13:37,,80115,Casual User
942,2024-04-11 17:29:00,,23154,Casual User
943,2024-11-16 03:57:38,2025-02-20 03:57:38,42746,Adventurer
944,2024-07-20 11:21:19,,68502,Casual User
945,2024-06-27 22:08:50,,23593,Philosopher
946,2024-06-13 12:56:53,2024-06-24 12:56:53,18187,Casual User
947,2024-01-28 07:09:26,,71287,Casual User
948,2024-06-17 02:27:25,,32109,Philosopher
949,2024-05-01 09:34:38,2024-05-25 09:34:38,77152,Power Seeker
950,2024-12-10 14:59:42,,66582,Adventurer
951,2024-02-29 11:21:49,,68231,Casual User
952,2024-05-01 07:03:54,2024-06-23 07:03:54,77714,Philosopher
953,2024-10-12 03:31:08,,60127,Casual User
954,2024-05-03 15:06:51,,11313,Adventurer
955,2024-10-26 06:34:31,,13820,Philosopher
956,2024-09-01 15:56:50,,38647,Adventurer
957,2024-11-03 03:39:55,,79610,Adventurer
958,2024-07-17 08:07:05,,63406,Philosopher
959,2024-01-21 12:40:40,,43872,Casual User
960,2024-05-06 00:42:42,,81694,Philosopher
961,2024-03-02 06:27:00,,88555,Power Seeker
962,2024-04-17 02:02:47,2024-07-18 02:02:47,31228,Casual User
963,2024-12-10 06:51:04,2025-01-13 06:51:04,69990,Casual User
964,2024-06-21 01:58:30,2024-08-23 01:58:30,52592,Casual User
965,2024-07-16 13:57:39,,90530,Philosopher
966,2024-03-04 03:25:25,,20364,Power Seeker
967,2024-09-09 08:25:02,,34783,Casual User
968,2024-06-17 06:36:34,2024-08-10 06:36:34,10685,Philosopher
969,2024-08-11 05:29:29,,36294,Adventurer
970,2024-03-31 07:48:10,2024-07-06 07:48:10,84673,Power Seeker
971,2024-02-07 23:25:28,2024-02-07 23:25:28,53122,Adventurer
972,2024-07-11 04:17:26,,75571,Adventurer
973,2024-06-20 03:42:02,,44996,Casual User
974,2024-06-21 08:31:06,,72895,Casual User
975,2024-03-22 11:29:33,,15055,Philosopher
976,2024-05-04 13:06:58,,26027,Casual User
977,2024-12-10 19:24:58,,13911,Philosopher
978,2024-05-01 14:01:22,,31747,Casual User
979,2024-07-01 11:49:06,2024-09-05 11:49:06,69201,Power Seeker
980,2024-01-19 00:09:56,,90367,Casual User
981,2024-03-11 22:54:29,,44696,Philosopher
982,2024-05-17 10:16:04,,52078,Adventurer
983,2024-05-13 07:38:24,,85087,Power Seeker
984,2024-01-27 14:02:18,,32462,Casual User
985,2024-12-08 11:59:34,2025-03-04 11:59:34,28008,Casual User
986,2024-11-25 00:52:37,,53978,Casual User
987,2024-04-19 07:32:25,,79984,Adventurer
988,2024-10-05 08:31:17,,32720,Casual User
989,2024-07-20 03:26:21,2024-08-02 03:26:21,69233,Philosopher
990,2024-08-14 22:42:50,,92561,Casual User
991,2024-02-19 05:31:13,,13399,Casual User
992,2024-09-30 23:21:09,,16398,Casual User
993,2024-09-09 03:18:13,,98861,Philosopher
994,2024-09-14 08:43:22,,46125,Casual User
995,2024-12-10 14:59:44,,49129,Philosopher
996,2024-02-24 16:30:22,,75433,Casual User
997,2024-05-26 09:33:45,,23960,Adventurer
998,2024-03-08 16:39:45,,78626,Adventurer
999,2024-04-19 09:41:24,,40017,Adventurer
1000,2024-10-09 19:04:49,,50259,Philosopher
1001,2024-10-09 16:59:15,,99676,Casual User
1002,2024-09-04 10:15:19,,11138,Philosopher
1003,2024-07-05 13:06:23,,75850,Casual User
1004,2024-08-16 10:57:49,,55063,Adventurer
1005,2024-11-15 08:05:12,2024-12-04 08:05:12,90491,Casual User
1006,2024-11-01 09:53:19,2024-12-29 09:53:19,30734,Adventurer
1007,2024-03-29 01:17:40,,97181,Casual User
1008,2024-02-03 14:26:44,,56081,Casual User
1009,2024-09-18 22:04:24,,61747,Casual User
1010,2024-12-13 00:47:20,2025-03-18 00:47:20,68193,Casual User
1011,2024-06-13 15:15:14,,15870,Casual User
1012,2024-08-03 16:32:19,,46021,Casual User
1013,2024-06-21 01:23:53,,27699,Casual User
1014,2024-07-10 03:16:30,,44303,Casual User
1015,2024-10-03 10:11:01,,24666,Casual User
1016,2024-06-22 00:37:34,,29006,Casual User
1017,2024-05-21 06:58:25,,29581,Adventurer
1018,2024-08-28 11:19:26,,70716,Casual User
1019,2024-12-01 06:01:23,,87071,Casual User
1020,2024-04-13 19:58:43,2024-05-06 19:58:43,39056,Power Seeker
1021,2024-04-08 18:59:49,2024-05-11 18:59:49,49033,Adventurer
1022,2024-06-17 04:12:09,,42281,Philosopher
1023,2024-07-07 16:45:38,2024-07-27 16:45:38,73988,Power Seeker
1024,2024-06-21 00:04:23,,17866,Casual User
1025,2024-03-10 07:58:26,,41423,Adventurer
1026,2024-09-19 07:41:08,,83549,Power Seeker
1027,2024-10-15 01:11:40,,32762,Casual User
1028,2024-12-18 12:22:47,,92299,Casual User
1029,2024-03-15 19:44:22,2024-04-04 19:44:22,90951,Casual User
1030,2024-04-09 19:03:10,,88494,Casual User
1031,2024-10-15 22:06:32,,53676,Philosopher
1032,2024-12-30 23:15:11,,36826,Power Seeker
1033,2024-03-01 17:30:55,2024-04-27 17:30:55,34194,Adventurer
1034,2024-08-10 20:04:50,2024-09-14 20:04:50,57899,Adventurer
1035,2024-11-22 07:14:58,,67128,Casual User
1036,2024-10-10 04:37:34,2024-12-05 04:37:34,63729,Power Seeker
1037,2024-12-26 07:28:21,2025-04-02 07:28:21,49409,Casual User
1038,2024-11-20 01:32:23,2025-02-05 01:32:23,93649,Casual User
1039,2024-08-29 03:31:02,,54916,Adventurer
1040,2024-09-14 14:41:52,,54490,Philosopher
1041,2024-04-20 23:57:09,2024-07-29 23:57:09,74954,Casual User
1042,2024-03-15 06:07:07,,52133,Casual User
1043,2024-02-20 08:53:34,,81859,Adventurer
1044,2024-06-24 08:01:55,,57162,Adventurer
1045,2024-02-17 01:58:20,,92346,Power Seeker
1046,2024-04-02 03:07:40,,25940,Casual User
1047,2024-01-11 20:56:52,,60648,Adventurer
1048,2024-04-25 15:56:19,,92035,Casual User
1049,2024-02-22 05:47:53,,20845,Casual User
1050,2024-10-19 21:33:09,,24188,Power Seeker
1051,2024-01-23 19:13:12,,16060,Power Seeker
1052,2024-11-13 09:10:47,,73890,Casual User
1053,2024-09-06 16:24:52,,22492,Philosopher
1054,2024-08-04 18:44:52,,79724,Casual User
1055,2024-04-11 21:01:03,,64001,Casual User
1056,2024-01-24 21:55:05,,13556,Philosopher
1057,2024-11-19 07:43:31,2025-02-04 07:43:31,75705,Casual User
1058,2024-06-18 03:06:41,,11011,Power Seeker
1059,2024-07-05 19:50:55,,56394,Casual User
1060,2024-05-07 04:15:19,,35159,Casual User
1061,2024-07-09 22:15:45,,72817,Philosopher
1062,2024-12-05 00:49:32,,58183,Philosopher
1063,2024-01-28 09:11:41,,16362,Philosopher
1064,2024-11-02 17:07:59,,56507,Philosopher
1065,2024-01-11 14:44:11,,13381,Casual User
1066,2024-11-08 21:30:41,,63497,Philosopher
1067,2024-03-16 00:17:40,,20211,Casual User
1068,2024-07-14 18:39:24,,33317,Power Seeker
1069,2024-04-19 21:20:42,,80465,Casual User
1070,2024-10-04 06:35:08,,25203,Power Seeker
1071,2024-01-29 21:00:43,,85555,Casual User
1072,2024-02-25 20:56:34,,75647,Philosopher
1073,2024-11-17 18:06:53,,74164,Casual User
1074,2024-11-04 02:29:23,,18359,Philosopher
1075,2024-12-06 03:37:36,2024-12-30 03:37:36,46500,Power Seeker
1076,2024-07-28 11:21:45,,31407,Power Seeker
1077,2024-01-21 08:54:51,,80904,Philosopher
1078,2024-10-05 22:54:27,,42184,Casual User
1079,2024-05-08 01:05:03,,44318,Casual User
1080,2024-03-14 20:37:23,,26320,Adventurer
1081,2024-06-21 10:49:16,,15272,Casual User
1082,2024-03-07 01:47:26,,13133,Casual User
1083,2024-06-18 12:13:46,,98734,Casual User
1084,2024-06-08 06:54:07,,48633,Adventurer
1085,2024-07-20 16:59:30,,12868,Casual User
1086,2024-10-22 11:38:51,,12030,Adventurer
1087,2024-03-16 17:33:43,,27973,Casual User
1088,2024-11-11 09:28:41,,95629,Casual User
1089,2024-06-16 20:19:32,,36121,Casual User
1090,2024-03-22 23:01:43,,24108,Power Seeker
1091,2024-03-29 16:13:07,,49271,Casual User
1092,2024-04-03 09:37:00,,45149,Philosopher
1093,2024-11-05 12:30:18,,26011,Power Seeker
1094,2024-07-19 07:58:11,,50560,Casual User
1095,2024-11-20 22:24:27,,37378,Casual User
1096,2024-01-01 13:10:56,2024-02-20 13:10:56,41917,Adventurer
1097,2024-03-26 05:14:18,,20663,Casual User
1098,2024-09-03 15:22:02,,59116,Casual User
1099,2024-10-26 10:15:48,2024-12-29 10:15:48,66796,Power Seeker
1100,2024-06-15 20:11:46,2024-09-01 20:11:46,29298,Power Seeker
1101,2024-01-09 12:52:17,2024-03-15 12:52:17,84875,Casual User
1102,2024-08-14 03:31:06,,15035,Philosopher
1103,2024-04-11 10:07:42,,72357,Casual User
1104,2024-11-26 06:38:43,,96958,Casual User
1105,2024-08-26 02:05:57,,91720,Casual User
1106,2024-08-06 17:49:25,,55985,Power Seeker
1107,2024-05-17 01:22:26,,14295,Casual User
1108,2024-07-15 11:12:33,2024-09-24 11:12:33,68716,Power Seeker
1109,2024-03-09 08:09:14,,22920,Adventurer
1110,2024-06-01 02:18:40,,82491,Adventurer
1111,2024-02-09 21:20:23,,74012,Casual User
1112,2024-02-04 02:50:36,,28272,Philosopher
1113,2024-10-26 11:43:00,,24186,Casual User
1114,2024-10-04 19:15:43,2024-12-08 19:15:43,42079,Casual User
1115,2024-09-16 09:36:36,,81012,Power Seeker
1116,2024-10-19 00:07:05,,11281,Adventurer
1117,2024-10-08 05:05:31,,42574,Philosopher
1118,2024-11-13 04:53:25,,89898,Casual User
1119,2024-06-23 03:30:42,,52677,Power Seeker
1120,2024-05-03 16:52:00,,53920,Casual User
1121,2024-03-17 16:26:55,,15093,Philosopher
1122,2024-06-09 12:58:40,2024-07-30 12:58:40,22530,Casual User
1123,2024-11-30 02:39:49,,29626,Casual User
1124,2024-06-03 22:21:39,,31681,Casual User
1125,2024-07-29 12:19:33,,17897,Casual User
1126,2024-06-27 13:26:19,,93946,Power Seeker
1127,2024-12-18 13:13:27,,35144,Adventurer
1128,2024-01-20 05:54:44,,83500,Philosopher
1129,2024-04-23 23:55:01,,75769,Casual User
1130,2024-05-29 01:26:27,,11204,Casual User
1131,2024-09-13 21:12:24,,21301,Casual User
1132,2024-10-25 14:22:33,,85398,Power Seeker
1133,2024-09-07 04:15:46,,87814,Casual User
1134,2024-06-22 09:42:49,,92193,Power Seeker
1135,2024-10-19 01:38:33,,48255,Casual User
1136,2024-08-28 11:39:00,,10498,Adventurer
1137,2024-12-09 21:53:04,,56652,Casual User
1138,2024-11-17 03:57:45,,60362,Casual User
1139,2024-08-05 18:43:55,,90463,Casual User
1140,2024-03-30 20:00:02,2024-06-18 20:00:02,87625,Adventurer
1141,2024-03-09 14:21:04,,77385,Power Seeker
1142,2024-11-24 08:29:14,,95447,Power Seeker
1143,2024-10-22 06:38:30,2024-12-14 06:38:30,54173,Philosopher
1144,2024-09-05 02:17:43,,25569,Power Seeker
1145,2024-11-24 06:28:52,2025-01-14 06:28:52,49057,Adventurer
1146,2024-01-13 18:51:16,,53387,Casual User
1147,2024-04-20 03:12:15,,80218,Philosopher
1148,2024-10-29 05:38:25,2024-11-09 05:38:25,98773,Philosopher
1149,2024-09-21 16:24:47,,83522,Casual User
1150,2024-07-11 01:45:08,,94118,Casual User
1151,2024-07-02 14:57:08,,23784,Casual User
1152,2024-07-05 21:31:47,,58841,Casual User
1153,2024-03-15 12:12:43,2024-05-15 12:12:43,52849,Adventurer
1154,2024-11-04 01:47:07,,94091,Power Seeker
1155,2024-12-29 09:39:11,,94064,Power Seeker
1156,2024-05-14 16:25:57,,85423,Casual User
1157,2024-06-05 04:00:27,2024-09-11 04:00:27,99255,Casual User
1158,2024-11-13 12:36:11,,93014,Casual User
1159,2024-04-10 01:12:16,2024-06-11 01:12:16,73054,Philosopher
1160,2024-08-19 23:02:52,,90611,Power Seeker
1161,2024-05-21 18:50:25,2024-08-23 18:50:25,22704,Power Seeker
1162,2024-09-11 00:20:33,,65929,Casual User
1163,2024-05-18 20:12:15,,38882,Power Seeker
1164,2024-06-17 22:17:15,,59247,Philosopher
1165,2024-03-24 06:13:46,2024-06-12 06:13:46,79452,Philosopher
1166,2024-07-14 23:40:21,2024-09-02 23:40:21,41326,Adventurer
1167,2024-03-07 07:29:50,,93025,Philosopher
1168,2024-01-28 13:59:49,,79416,Philosopher
1169,2024-08-25 14:40:45,,14137,Casual User
1170,2024-01-16 11:43:12,,97011,Philosopher
1171,2024-04-12 16:56:28,,17558,Casual User
1172,2024-06-11 00:37:27,,97184,Power Seeker
1173,2024-05-03 12:19:24,2024-05-16 12:19:24,58485,Casual User
1174,2024-12-29 15:50:22,,35099,Adventurer
1175,2024-05-02 17:04:40,,82918,Casual User
1176,2024-03-08 08:34:11,,50906,Casual User
1177,2024-06-18 20:08:59,,71562,Philosopher
1178,2024-02-19 09:22:10,,37747,Philosopher
1179,2024-09-30 17:55:12,2024-10-19 17:55:12,33512,Casual User
1180,2024-01-11 00:26:17,,22668,Casual User
1181,2024-09-10 07:19:52,,88935,Casual User
1182,2024-07-23 23:40:29,,67395,Power Seeker
1183,2024-09-27 09:15:59,,53826,Casual User
1184,2024-10-23 12:41:26,,37068,Adventurer
1185,2024-07-20 14:18:57,2024-08-18 14:18:57,23417,Philosopher
1186,2024-10-23 10:15:51,2024-11-17 10:15:51,56297,Casual User
1187,2024-04-01 09:51:30,,56480,Adventurer
1188,2024-12-09 10:14:28,2025-01-25 10:14:28,19769,Casual User
1189,2024-05-16 20:30:19,,81192,Casual User
1190,2024-02-22 23:05:24,,24387,Casual User
1191,2024-07-07 06:38:45,2024-07-14 06:38:45,24089,Power Seeker
1192,2024-04-30 17:29:50,,66755,Philosopher
1193,2024-07-05 18:03:22,,31929,Casual User
1194,2024-04-21 13:28:52,,14176,Casual User
1195,2024-03-28 20:54:02,,94733,Philosopher
1196,2024-09-01 08:07:15,,76626,Casual User
1197,2024-03-13 01:00:44,,45814,Casual User
1198,2024-06-30 14:17:03,2024-09-09 14:17:03,43593,Casual User
1199,2024-09-05 16:46:40,,90121,Casual User
1200,2024-06-30 05:46:07,,95534,Adventurer
1201,2024-03-21 04:41:06,,99593,Philosopher
1202,2024-05-13 02:24:04,,67673,Power Seeker
1203,2024-07-22 05:23:02,,61904,Casual User
1204,2024-08-21 19:30:11,,99314,Philosopher
1205,2024-02-26 17:01:55,2024-03-01 17:01:55,49933,Casual User
1206,2024-10-30 12:00:33,,92781,Casual User
1207,2024-11-26 19:39:53,2025-01-29 19:39:53,14355,Casual User
1208,2024-01-13 14:01:24,,74649,Power Seeker
1209,2024-06-25 20:37:26,2024-08-21 20:37:26,69188,Adventurer
1210,2024-03-27 04:37:15,,53031,Casual User
1211,2024-07-16 16:56:21,,71713,Adventurer
1212,2024-04-13 17:07:51,,68591,Casual User
1213,2024-07-13 14:13:40,,33875,Casual User
1214,2024-04-29 03:00:16,,97349,Adventurer
1215,2024-08-01 04:17:29,,70774,Casual User
1216,2024-09-24 05:21:36,2024-12-04 05:21:36,75503,Casual User
1217,2024-04-21 05:20:27,,21554,Casual User
1218,2024-06-16 11:45:51,,51436,Philosopher
1219,2024-04-25 16:08:55,2024-06-30 16:08:55,82876,Casual User
1220,2024-03-27 20:57:29,,52347,Casual User
1221,2024-05-24 03:16:34,,88999,Philosopher
1222,2024-02-05 15:39:11,,62434,Casual User
1223,2024-05-10 22:57:58,,81662,Casual User
1224,2024-09-12 00:14:28,,27731,Casual User
1225,2024-10-18 15:39:32,,35672,Casual User
1226,2024-12-09 06:07:49,,79482,Casual User
1227,2024-07-19 13:18:37,,15275,Casual User
1228,2024-06-30 14:41:17,,60013,Casual User
1229,2024-10-02 11:03:47,,32827,Casual User
1230,2024-10-07 07:27:33,,10606,Power Seeker
1231,2024-10-28 08:32:01,,14913,Adventurer
1232,2024-07-23 13:21:29,,12982,Casual User
1233,2024-04-11 23:17:40,2024-05-09 23:17:40,99367,Adventurer
1234,2024-12-29 14:27:32,,28664,Casual User
1235,2024-04-27 03:23:02,,18182,Casual User
1236,2024-07-16 20:05:08,,71337,Adventurer
1237,2024-06-12 22:32:10,,57032,Casual User
1238,2024-08-28 03:32:47,,31956,Casual User
1239,2024-05-04 01:59:14,,26477,Casual User
1240,2024-08-28 16:34:53,,58357,Casual User
1241,2024-01-25 21:53:08,,38351,Casual User
1242,2024-02-08 01:58:32,,17829,Philosopher
1243,2024-07-30 21:54:54,,89998,Casual User
1244,2024-03-03 21:36:17,,92394,Philosopher
1245,2024-05-21 16:52:39,2024-08-02 16:52:39,55450,Casual User
1246,2024-04-15 21:42:02,,63179,Adventurer
1247,2024-12-22 03:15:10,,24684,Casual User
1248,2024-05-15 08:59:13,,88226,Philosopher
1249,2024-08-05 22:44:20,,11198,Philosopher
1250,2024-10-23 02:22:23,,21665,Adventurer
1251,2024-01-19 02:32:28,,78382,Casual User
1252,2024-10-06 10:06:17,,80932,Philosopher
1253,2024-10-17 19:05:12,2024-11-15 19:05:12,46303,Casual User
1254,2024-07-11 19:29:26,,62946,Adventurer
1255,2024-05-04 22:28:02,2024-07-31 22:28:02,38655,Casual User
1256,2024-10-21 17:09:32,,35298,Casual User
1257,2024-11-20 07:11:47,2024-12-10 07:11:47,87983,Philosopher
1258,2024-11-13 01:47:30,,18551,Philosopher
1259,2024-06-11 02:30:32,,97604,Casual User
1260,2024-03-26 15:52:38,,49155,Casual User
1261,2024-09-06 15:36:20,2024-10-05 15:36:20,18149,Power Seeker
1262,2024-03-27 03:10:03,,56699,Casual User
1263,2024-12-03 14:02:30,2024-12-06 14:02:30,16449,Philosopher
1264,2024-04-10 05:08:26,,32158,Adventurer
1265,2024-02-21 18:32:41,,35717,Casual User
1266,2024-02-19 15:37:31,,96771,Power Seeker
1267,2024-01-21 04:46:07,,72542,Power Seeker
1268,2024-12-21 06:27:45,,81279,Power Seeker
1269,2024-08-19 12:57:01,2024-09-01 12:57:01,27716,Casual User
1270,2024-03-12 01:52:34,,94921,Casual User
1271,2024-11-06 20:53:00,,63805,Casual User
1272,2024-01-01 04:54:04,,50738,Adventurer
1273,2024-08-31 14:13:43,,32804,Adventurer
1274,2024-12-14 21:31:19,,89537,Casual User
1275,2024-08-18 20:47:27,,35155,Philosopher
1276,2024-12-27 09:26:24,,37507,Casual User
1277,2024-03-15 07:34:09,,84498,Adventurer
1278,2024-08-08 20:32:35,,80742,Casual User
1279,2024-05-07 18:29:54,2024-07-07 18:29:54,45349,Adventurer
1280,2024-11-09 15:45:39,2024-12-27 15:45:39,65340,Adventurer
1281,2024-10-11 01:00:18,,63276,Casual User
1282,2024-02-08 03:14:06,,73601,Casual User
1283,2024-05-19 08:11:53,2024-06-27 08:11:53,86887,Adventurer
1284,2024-04-30 00:57:55,,46166,Adventurer
1285,2024-07-29 15:34:34,,71701,Adventurer
1286,2024-01-19 01:33:05,,74387,Casual User
1287,2024-08-27 22:00:43,,81781,Power Seeker
1288,2024-10-26 18:55:27,2025-01-25 18:55:27,45588,Casual User
1289,2024-03-01 00:56:39,,63572,Casual User
1290,2024-02-15 00:10:27,,22956,Casual User
1291,2024-01-25 16:30:51,,23798,Casual User
1292,2024-09-21 12:33:23,,42987,Casual User
1293,2024-10-21 14:54:17,,97695,Adventurer
1294,2024-06-22 05:36:57,2024-07-02 05:36:57,37147,Casual User
1295,2024-08-08 05:12:10,,35962,Adventurer
1296,2024-09-30 00:39:45,,95336,Power Seeker
1297,2024-02-04 08:48:49,2024-04-27 08:48:49,86991,Casual User
1298,2024-05-27 17:34:50,,25110,Casual User
1299,2024-05-09 09:18:14,,83194,Philosopher
1300,2024-12-12 04:07:12,,88826,Philosopher
1301,2024-05-05 22:51:39,,16115,Casual User
1302,2024-04-28 12:44:16,,14186,Casual User
1303,2024-04-11 00:43:10,,77709,Casual User
1304,2024-07-16 06:47:47,,34147,Philosopher
1305,2024-12-10 20:00:33,,26982,Philosopher
1306,2024-07-11 14:39:03,,46702,Casual User
1307,2024-08-11 11:45:58,,55129,Philosopher
1308,2024-02-06 06:20:49,2024-02-12 06:20:49,22210,Adventurer
1309,2024-06-09 10:45:23,,84240,Casual User
1310,2024-03-25 22:39:22,,78037,Casual User
1311,2024-07-30 20:58:00,,56500,Casual User
1312,2024-01-03 10:45:28,,90631,Philosopher
1313,2024-09-16 21:32:20,,54801,Casual User
1314,2024-09-20 04:22:54,,25353,Power Seeker
1315,2024-08-04 04:35:49,,54490,Philosopher
1316,2024-07-04 19:54:36,,66728,Casual User
1317,2024-07-18 04:25:35,,53396,Adventurer
1318,2024-01-11 04:34:35,,30253,Casual User
1319,2024-10-29 05:07:32,2024-12-31 05:07:32,63963,Philosopher
1320,2024-06-08 15:03:13,2024-06-25 15:03:13,86336,Philosopher
1321,2024-10-22 17:49:42,,95795,Casual User
1322,2024-03-30 21:34:21,,34714,Adventurer
1323,2024-09-20 07:40:20,,34434,Philosopher
1324,2024-07-11 12:31:31,,94149,Casual User
1325,2024-11-06 22:46:03,,76608,Casual User
1326,2024-01-18 02:53:59,,22414,Adventurer
1327,2024-08-28 16:29:48,,16427,Casual User
1328,2024-12-28 13:27:03,,61396,Power Seeker
1329,2024-07-28 23:57:18,,47172,Adventurer
1330,2024-11-22 19:12:41,,12272,Philosopher
1331,2024-10-09 08:17:50,2024-11-19 08:17:50,94077,Casual User
1332,2024-01-06 03:12:23,,14881,Adventurer
1333,2024-10-04 11:21:12,,71355,Power Seeker
1334,2024-07-20 09:21:20,,76826,Casual User
1335,2024-02-16 05:37:06,2024-03-28 05:37:06,69644,Adventurer
1336,2024-10-04 10:54:38,,86765,Casual User
1337,2024-06-09 22:05:47,,89718,Adventurer
1338,2024-12-03 07:55:08,,48286,Philosopher
1339,2024-09-19 06:50:12,,77424,Adventurer
1340,2024-12-02 15:38:03,,61278,Power Seeker
1341,2024-09-26 04:06:57,,19954,Casual User
1342,2024-03-15 23:36:34,,81387,Philosopher
1343,2024-01-26 23:18:57,,44899,Casual User
1344,2024-04-30 02:48:38,,79272,Casual User
1345,2024-09-13 15:39:09,,68645,Casual User
1346,2024-02-15 07:28:10,,26729,Casual User
1347,2024-09-22 05:46:31,2024-11-12 05:46:31,75793,Casual User
1348,2024-07-31 02:15:23,,32047,Adventurer
1349,2024-07-31 16:14:51,,10815,Adventurer
1350,2024-11-27 16:00:59,,10919,Casual User
1351,2024-06-06 10:53:53,,30732,Casual User
1352,2024-12-03 19:16:28,,94949,Adventurer
1353,2024-01-27 20:33:13,,44881,Adventurer
1354,2024-03-11 03:55:48,,54364,Philosopher
1355,2024-10-13 01:25:24,2024-10-19 01:25:24,67198,Casual User
1356,2024-11-21 22:36:33,,18676,Casual User
1357,2024-05-24 06:02:39,,72292,Casual User
1358,2024-05-24 20:52:35,,57814,Philosopher
1359,2024-02-17 14:04:08,,69723,Casual User
1360,2024-08-26 06:19:32,,26621,Adventurer
1361,2024-03-31 11:29:34,,94426,Philosopher
1362,2024-03-31 13:22:10,,84961,Adventurer
1363,2024-12-21 09:06:55,,22692,Philosopher
1364,2024-04-03 00:45:00,,75587,Adventurer
1365,2024-06-18 13:14:11,,69910,Power Seeker
1366,2024-01-18 00:56:38,,76198,Casual User
1367,2024-01-01 09:49:01,2024-01-09 09:49:01,67132,Philosopher
1368,2024-11-01 16:36:47,,75957,Casual User
1369,2024-03-05 00:29:20,,78045,Casual User
1370,2024-03-07 07:25:23,2024-06-12 07:25:23,48879,Adventurer
1371,2024-04-09 11:27:59,,65411,Adventurer
1372,2024-12-25 12:57:48,,59313,Casual User
1373,2024-06-28 05:52:50,,57252,Adventurer
1374,2024-03-23 01:06:18,2024-05-28 01:06:18,68287,Casual User
1375,2024-07-23 04:56:01,,66302,Casual User
1376,2024-12-23 18:31:58,,64946,Adventurer
1377,2024-06-23 01:37:01,,86786,Casual User
1378,2024-03-16 02:52:27,,93894,Casual User
1379,2024-07-26 14:12:32,,22556,Casual User
1380,2024-10-31 08:10:42,,20848,Casual User
1381,2024-05-19 22:40:51,,91734,Philosopher
1382,2024-10-17 11:21:48,,42168,Casual User
1383,2024-12-06 01:13:01,,67740,Casual User
1384,2024-04-16 06:33:19,,65088,Casual User
1385,2024-06-06 15:54:02,,28210,Casual User
1386,2024-01-19 09:29:59,,61866,Casual User
1387,2024-10-26 08:53:37,,88288,Power Seeker
1388,2024-05-10 21:37:50,,18466,Philosopher
1389,2024-02-26 09:27:21,,85510,Casual User
1390,2024-11-29 20:45:24,,63633,Philosopher
1391,2024-10-12 15:20:38,,10550,Power Seeker
1392,2024-05-01 17:59:27,,30267,Adventurer
1393,2024-08-02 11:35:41,2024-10-13 11:35:41,10126,Adventurer
1394,2024-03-05 17:01:21,,13603,Casual User
1395,2024-05-12 03:01:33,,60183,Casual User
1396,2024-12-16 17:19:57,,65646,Casual User
1397,2024-02-01 03:42:58,,21914,Adventurer
1398,2024-04-22 01:20:42,2024-07-26 01:20:42,66193,Adventurer
1399,2024-01-14 03:18:14,,41170,Casual User
1400,2024-07-05 06:07:47,,86866,Adventurer
1401,2024-07-03 11:37:11,,41937,Casual User
1402,2024-04-06 17:14:45,,10846,Casual User
1403,2024-04-09 10:54:22,2024-06-15 10:54:22,13151,Power Seeker
1404,2024-04-27 09:51:16,,78511,Philosopher
1405,2024-06-03 20:02:49,,43313,Adventurer
1406,2024-02-23 18:16:55,,57836,Casual User
1407,2024-10-22 15:16:12,,53640,Adventurer
1408,2024-06-12 01:51:59,,17357,Casual User
1409,2024-04-14 21:10:30,,17243,Philosopher
1410,2024-01-02 03:42:35,,86319,Power Seeker
1411,2024-02-15 04:22:28,2024-04-09 04:22:28,70424,Casual User
1412,2024-03-07 12:53:02,,73353,Philosopher
1413,2024-04-18 09:42:33,,76831,Casual User
1414,2024-04-07 22:15:20,2024-05-26 22:15:20,28884,Casual User
1415,2024-10-04 12:53:59,2024-10-07 12:53:59,61957,Philosopher
1416,2024-12-10 12:34:22,,93345,Adventurer
1417,2024-02-11 22:47:57,,79527,Philosopher
1418,2024-06-19 03:24:00,2024-07-26 03:24:00,11565,Philosopher
1419,2024-05-06 14:50:32,,84610,Casual User
1420,2024-02-04 14:00:53,,28007,Casual User
1421,2024-05-23 19:00:39,2024-08-29 19:00:39,57682,Casual User
1422,2024-05-14 10:30:04,,33670,Casual User
1423,2024-05-04 10:23:30,,36577,Adventurer
1424,2024-02-15 00:54:17,,21162,Adventurer
1425,2024-10-01 06:28:33,,44841,Casual User
1426,2024-03-03 01:25:55,,59087,Casual User
1427,2024-01-06 14:30:36,,90292,Casual User
1428,2024-10-09 11:28:18,,66038,Casual User
1429,2024-08-08 04:49:43,,41255,Casual User
1430,2024-12-24 20:07:31,,74161,Casual User
1431,2024-04-26 21:25:37,2024-06-20 21:25:37,77631,Adventurer
1432,2024-07-15 00:54:50,,29234,Casual User
1433,2024-08-27 17:15:10,,84284,Casual User
1434,2024-09-02 10:51:07,,61567,Adventurer
1435,2024-05-18 03:14:32,,75564,Casual User
1436,2024-03-20 20:29:59,,17005,Philosopher
1437,2024-08-12 17:17:26,,24647,Adventurer
1438,2024-01-23 10:53:18,,61804,Casual User
1439,2024-12-17 00:29:24,,83764,Power Seeker
1440,2024-11-11 23:14:14,2024-12-05 23:14:14,27705,Philosopher
1441,2024-05-03 22:35:52,2024-07-15 22:35:52,41027,Casual User
1442,2024-05-30 11:10:01,,50009,Casual User
1443,2024-04-11 22:10:42,2024-05-09 22:10:42,65911,Casual User
1444,2024-12-26 02:07:20,2025-02-19 02:07:20,60265,Philosopher
1445,2024-08-24 12:34:19,2024-11-25 12:34:19,91493,Casual User
1446,2024-08-02 00:28:20,,28382,Casual User
1447,2024-01-28 11:39:27,,88951,Philosopher
1448,2024-09-09 21:37:45,,60449,Casual User
1449,2024-07-02 09:07:57,,36915,Philosopher
1450,2024-10-08 15:52:47,,75098,Philosopher
1451,2024-06-23 11:08:30,,66720,Philosopher
1452,2024-11-07 23:41:30,2025-01-24 23:41:30,59489,Adventurer
1453,2024-08-14 01:21:36,,12255,Casual User
1454,2024-05-22 10:59:04,,50098,Casual User
1455,2024-07-01 20:00:36,,98942,Philosopher
1456,2024-04-27 11:12:38,,50225,Casual User
1457,2024-03-01 05:02:53,,42098,Philosopher
1458,2024-12-30 20:45:55,,13009,Casual User
1459,2024-08-22 12:00:07,,54273,Power Seeker
1460,2024-06-20 02:53:58,,91004,Casual User
1461,2024-05-13 09:05:26,,45144,Casual User
1462,2024-04-20 12:28:53,,65950,Casual User
1463,2024-05-24 11:29:49,,75980,Adventurer
1464,2024-08-19 17:01:56,,51882,Adventurer
1465,2024-12-15 07:19:12,,84983,Casual User
1466,2024-03-23 15:54:39,,76595,Casual User
1467,2024-01-28 13:20:31,2024-03-03 13:20:31,12901,Power Seeker
1468,2024-02-04 14:17:26,,13121,Philosopher
1469,2024-05-25 02:37:16,,20626,Adventurer
1470,2024-03-28 17:36:37,,83924,Adventurer
1471,2024-10-16 03:14:26,,32244,Adventurer
1472,2024-10-27 14:13:25,,53177,Casual User
1473,2024-12-17 01:03:09,,80696,Casual User
1474,2024-05-15 20:50:15,,49455,Adventurer
1475,2024-10-22 10:19:02,,12841,Philosopher
1476,2024-10-18 20:45:19,,90809,Power Seeker
1477,2024-06-13 17:21:38,2024-09-11 17:21:38,95391,Adventurer
1478,2024-09-14 07:45:50,,80713,Adventurer
1479,2024-02-09 22:03:24,,66112,Casual User
1480,2024-04-14 00:15:29,,56616,Casual User
1481,2024-07-13 14:21:38,2024-08-11 14:21:38,24349,Casual User
1482,2024-10-21 04:34:53,2025-01-20 04:34:53,46593,Philosopher
1483,2024-06-13 12:50:29,,83678,Casual User
1484,2024-06-11 05:22:57,,77285,Casual User
1485,2024-07-14 21:04:59,,85537,Casual User
1486,2024-09-13 10:11:07,,59452,Philosopher
1487,2024-04-26 15:00:10,,33327,Casual User
1488,2024-07-09 12:31:14,,65839,Casual User
1489,2024-09-15 16:06:22,,64274,Adventurer
1490,2024-08-06 22:26:39,,89654,Adventurer
1491,2024-03-29 09:32:58,,12042,Adventurer
1492,2024-05-27 09:57:43,2024-09-02 09:57:43,82506,Adventurer
1493,2024-11-28 08:37:29,,54881,Casual User
1494,2024-12-08 15:58:11,,46260,Casual User
1495,2024-09-06 14:22:02,,16085,Philosopher
1496,2024-06-20 23:57:10,,87273,Philosopher
1497,2024-10-20 05:49:29,,20477,Casual User
1498,2024-09-01 13:12:00,2024-11-09 13:12:00,33986,Philosopher
1499,2024-09-28 22:00:25,,69617,Casual User
1500,2024-08-20 22:27:47,,92993,Adventurer
1501,2024-10-02 02:49:42,,85006,Casual User
1502,2024-05-17 12:12:39,,75561,Casual User
1503,2024-07-29 11:47:41,,11496,Casual User
1504,2024-09-07 00:10:52,,77583,Philosopher
1505,2024-01-30 10:47:02,,21044,Casual User
1506,2024-11-30 22:36:45,,97429,Casual User
1507,2024-10-26 04:32:43,2024-12-08 04:32:43,71856,Adventurer
1508,2024-06-20 20:00:51,,22545,Philosopher
1509,2024-11-29 05:21:03,2024-12-09 05:21:03,80425,Philosopher
1510,2024-02-02 23:16:00,,92158,Adventurer
1511,2024-04-18 22:16:40,,78872,Philosopher
1512,2024-11-28 16:23:04,,58003,Power Seeker
1513,2024-08-05 02:23:56,,24056,Casual User
1514,2024-12-10 08:07:05,,75559,Casual User
1515,2024-08-01 14:50:22,2024-09-01 14:50:22,29091,Casual User
1516,2024-08-05 22:51:00,,31210,Casual User
1517,2024-01-02 00:16:51,,87396,Philosopher
1518,2024-09-09 20:00:23,,14058,Casual User
1519,2024-11-24 09:33:27,,61858,Adventurer
1520,2024-01-02 22:31:03,2024-01-22 22:31:03,11242,Adventurer
1521,2024-03-13 13:32:56,,48059,Adventurer
1522,2024-06-28 23:48:02,,97145,Casual User
1523,2024-08-30 07:00:59,,33569,Casual User
1524,2024-02-05 17:09:18,,80574,Casual User
1525,2024-08-14 08:57:48,,95753,Casual User
1526,2024-10-08 17:29:31,,55172,Casual User
1527,2024-02-05 18:50:32,,16852,Casual User
1528,2024-04-08 15:57:14,,50307,Casual User
1529,2024-02-20 06:34:16,,98333,Power Seeker
1530,2024-11-28 16:22:35,2025-02-13 16:22:35,51610,Casual User
1531,2024-08-17 13:46:08,,67260,Casual User
1532,2024-04-25 20:25:47,,17710,Adventurer
1533,2024-10-28 20:47:59,,42701,Power Seeker
1534,2024-04-21 20:53:10,,98786,Casual User
1535,2024-01-30 16:23:26,,35647,Philosopher
1536,2024-02-22 07:25:34,,44042,Power Seeker
1537,2024-05-06 15:53:15,,19856,Adventurer
1538,2024-12-04 07:31:27,,43569,Casual User
1539,2024-06-22 16:51:05,,20513,Casual User
1540,2024-10-01 04:18:13,,39639,Philosopher
1541,2024-04-07 17:35:07,,86726,Casual User
1542,2024-07-05 00:35:21,,42532,Philosopher
1543,2024-04-06 09:14:43,,85750,Casual User
1544,2024-07-29 19:02:13,2024-10-13 19:02:13,21886,Casual User
1545,2024-05-30 05:20:11,,92486,Philosopher
1546,2024-12-06 00:15:13,,86262,Philosopher
1547,2024-02-05 15:55:12,,85947,Power Seeker
1548,2024-06-28 18:29:09,,20112,Casual User
1549,2024-01-05 10:29:48,,51361,Casual User
1550,2024-03-07 05:20:38,2024-05-12 05:20:38,57899,Power Seeker
1551,2024-11-13 07:59:41,,93490,Philosopher
1552,2024-10-19 23:15:33,,58105,Casual User
1553,2024-06-14 10:49:55,,86809,Casual User
1554,2024-03-05 05:54:37,,25319,Casual User
1555,2024-10-03 23:59:42,,77760,Power Seeker
1556,2024-09-21 03:41:43,,83922,Casual User
1557,2024-01-23 01:06:42,,77571,Casual User
1558,2024-02-07 21:16:01,2024-02-23 21:16:01,55715,Casual User
1559,2024-01-27 02:42:18,2024-04-02 02:42:18,18717,Casual User
1560,2024-04-26 15:59:00,,49823,Casual User
1561,2024-01-22 00:55:56,,25211,Casual User
1562,2024-10-30 18:25:11,,38707,Adventurer
1563,2024-01-17 03:47:59,,43253,Casual User
1564,2024-07-29 08:51:34,,74767,Casual User
1565,2024-04-03 13:33:07,,50435,Adventurer
1566,2024-02-24 01:26:04,2024-03-22 01:26:04,59589,Philosopher
1567,2024-07-24 17:07:28,2024-09-24 17:07:28,75698,Casual User
1568,2024-04-02 10:09:07,2024-06-19 10:09:07,56276,Casual User
1569,2024-09-29 12:38:01,,20997,Casual User
1570,2024-07-08 20:41:20,,80299,Casual User
1571,2024-09-02 12:38:54,,72337,Philosopher
1572,2024-11-10 18:09:49,,44146,Casual User
1573,2024-07-12 14:24:04,,66778,Casual User
1574,2024-11-07 02:03:47,,48083,Philosopher
1575,2024-11-11 17:25:09,,98731,Adventurer
1576,2024-04-26 19:15:52,,33063,Philosopher
1577,2024-01-18 21:48:08,,40805,Philosopher
1578,2024-01-27 17:45:11,,33371,Casual User
1579,2024-08-25 00:02:17,,10138,Casual User
1580,2024-10-16 10:42:44,,17263,Power Seeker
1581,2024-07-29 04:48:24,,78830,Adventurer
1582,2024-04-12 02:59:06,,51360,Casual User
1583,2024-03-04 00:13:21,2024-03-04 00:13:21,99758,Casual User
1584,2024-05-10 02:11:06,,31092,Casual User
1585,2024-01-14 13:14:07,,51465,Power Seeker
1586,2024-10-09 04:48:45,2024-12-16 04:48:45,64373,Casual User
1587,2024-06-30 14:08:50,,11409,Adventurer
1588,2024-12-30 13:39:46,,99193,Casual User
1589,2024-08-08 19:28:15,,45451,Casual User
1590,2024-07-28 15:33:34,,39438,Power Seeker
1591,2024-04-06 03:26:33,,31615,Casual User
1592,2024-08-17 10:03:53,,31309,Philosopher
1593,2024-02-08 10:08:47,,68284,Casual User
1594,2024-10-05 10:53:12,,24764,Philosopher
1595,2024-02-12 22:35:33,,71775,Casual User
1596,2024-10-11 06:18:50,2025-01-19 06:18:50,54062,Casual User
1597,2024-09-06 05:08:42,2024-12-15 05:08:42,55466,Casual User
1598,2024-09-20 20:00:35,,73024,Power Seeker
1599,2024-06-16 09:55:43,2024-09-12 09:55:43,91806,Casual User
1600,2024-11-13 22:48:25,,40559,Philosopher
1601,2024-06-11 19:48:25,,47840,Casual User
1602,2024-07-29 14:56:07,,35997,Philosopher
1603,2024-05-15 00:57:42,,98070,Casual User
1604,2024-07-11 08:26:23,,46599,Casual User
1605,2024-11-29 08:36:29,2025-01-07 08:36:29,92775,Philosopher
1606,2024-06-17 15:18:56,,41825,Adventurer
1607,2024-11-27 15:47:13,,74468,Casual User
1608,2024-08-18 01:27:38,,36559,Casual User
1609,2024-10-27 03:19:01,2024-12-29 03:19:01,69053,Casual User
1610,2024-01-08 08:11:32,,36127,Adventurer
1611,2024-05-12 21:46:38,,95647,Casual User
1612,2024-04-18 23:57:42,,77807,Adventurer
1613,2024-05-27 19:59:11,,80596,Casual User
1614,2024-12-21 23:08:15,2025-01-25 23:08:15,58247,Philosopher
1615,2024-05-12 21:01:17,,40629,Casual User
1616,2024-03-07 05:29:35,,13561,Philosopher
1617,2024-07-08 18:38:13,,10272,Power Seeker
1618,2024-12-02 23:59:33,2024-12-23 23:59:33,58750,Casual User
1619,2024-05-22 06:25:43,,77428,Casual User
1620,2024-09-27 07:00:23,,69483,Casual User
1621,2024-12-10 07:09:04,,21770,Casual User
1622,2024-08-23 08:05:35,,35088,Casual User
1623,2024-01-06 12:41:05,2024-03-22 12:41:05,12109,Casual User
1624,2024-10-05 19:57:52,,38587,Casual User
1625,2024-08-27 07:53:41,,67595,Philosopher
1626,2024-04-23 21:28:40,2024-05-21 21:28:40,94470,Casual User
1627,2024-04-01 07:55:36,,58097,Casual User
1628,2024-07-11 19:15:13,2024-10-18 19:15:13,28271,Casual User
1629,2024-04-12 03:39:51,,68583,Casual User
1630,2024-01-20 08:24:39,2024-04-07 08:24:39,72771,Casual User
1631,2024-02-20 23:01:30,,11031,Power Seeker
1632,2024-10-01 12:34:43,,54229,Philosopher
1633,2024-09-29 06:40:01,,58029,Philosopher
1634,2024-02-01 05:31:05,2024-04-16 05:31:05,43508,Casual User
1635,2024-05-23 09:06:29,,29774,Casual User
1636,2024-07-17 14:26:33,,89578,Casual User
1637,2024-06-29 05:41:17,,86110,Adventurer
1638,2024-12-09 16:27:55,2025-01-14 16:27:55,32479,Adventurer
1639,2024-02-20 11:14:39,2024-04-09 11:14:39,54232,Power Seeker
1640,2024-03-06 06:06:21,,16400,Adventurer
1641,2024-10-11 20:17:58,2025-01-11 20:17:58,46842,Power Seeker
1642,2024-06-16 01:14:03,,50786,Philosopher
1643,2024-03-15 14:07:39,,38152,Power Seeker
1644,2024-12-29 08:12:52,2025-01-10 08:12:52,29031,Casual User
1645,2024-05-07 23:19:22,,70867,Power Seeker
1646,2024-09-13 22:03:29,,35555,Casual User
1647,2024-05-06 11:21:50,,39290,Power Seeker
1648,2024-09-30 09:13:24,,89905,Casual User
1649,2024-03-31 03:59:29,,10312,Casual User
1650,2024-04-26 23:46:56,,72305,Philosopher
1651,2024-02-20 05:11:26,,20313,Casual User
1652,2024-09-12 17:20:03,2024-10-24 17:20:03,85505,Adventurer
1653,2024-01-13 12:39:34,,28916,Casual User
1654,2024-02-02 12:44:28,,34231,Casual User
1655,2024-08-19 18:49:30,2024-09-05 18:49:30,77808,Casual User
1656,2024-01-07 06:25:29,,64362,Power Seeker
1657,2024-07-24 11:38:28,,42445,Philosopher
1658,2024-09-11 11:15:50,,62807,Adventurer
1659,2024-09-15 13:52:23,,85187,Philosopher
1660,2024-10-22 14:43:08,2025-01-30 14:43:08,74512,Philosopher
1661,2024-04-03 10:02:39,,15966,Casual User
1662,2024-06-29 09:03:43,2024-07-23 09:03:43,80683,Casual User
1663,2024-03-07 00:35:46,2024-04-20 00:35:46,11930,Philosopher
1664,2024-11-11 05:36:45,2025-01-17 05:36:45,34147,Casual User
1665,2024-01-20 09:31:02,,30237,Casual User
1666,2024-03-29 21:01:11,,18354,Casual User
1667,2024-09-12 00:33:39,2024-11-21 00:33:39,70626,Power Seeker
1668,2024-11-09 08:48:02,,23001,Casual User
1669,2024-01-14 18:37:44,,16859,Adventurer
1670,2024-10-27 13:47:23,,50613,Philosopher
1671,2024-04-04 02:54:15,,84331,Adventurer
1672,2024-11-19 15:13:27,,33927,Casual User
1673,2024-11-25 22:41:47,,66880,Philosopher
1674,2024-02-18 11:07:46,2024-04-27 11:07:46,27070,Philosopher
1675,2024-06-19 19:21:46,,43033,Casual User
1676,2024-07-30 13:55:36,,61544,Casual User
1677,2024-12-01 22:17:15,,95593,Casual User
1678,2024-08-16 09:34:25,,79110,Casual User
1679,2024-11-09 02:40:40,2025-01-17 02:40:40,36724,Casual User
1680,2024-12-16 04:54:02,,80440,Philosopher
1681,2024-10-06 01:30:38,2024-10-21 01:30:38,82065,Philosopher
1682,2024-09-27 18:35:36,,58447,Philosopher
1683,2024-05-02 20:19:31,,70505,Adventurer
1684,2024-08-31 21:00:44,,18358,Casual User
1685,2024-01-04 16:24:25,,79822,Adventurer
1686,2024-05-17 03:15:24,,36484,Casual User
1687,2024-03-13 06:55:15,,33674,Philosopher
1688,2024-01-12 09:09:51,,55707,Adventurer
1689,2024-11-04 16:21:28,,85668,Casual User
1690,2024-01-16 02:56:29,2024-02-10 02:56:29,72148,Adventurer
1691,2024-10-04 12:51:50,,22788,Casual User
1692,2024-09-05 23:40:27,,76783,Adventurer
1693,2024-01-11 17:16:46,,21933,Casual User
1694,2024-07-12 11:22:42,,32112,Philosopher
1695,2024-06-05 14:13:38,,28435,Casual User
1696,2024-12-24 23:53:59,2025-01-15 23:53:59,42554,Casual User
1697,2024-02-13 12:00:15,2024-04-08 12:00:15,71219,Casual User
1698,2024-12-25 17:52:46,,88479,Philosopher
1699,2024-01-16 03:33:35,2024-03-08 03:33:35,18876,Adventurer
1700,2024-03-27 08:07:13,2024-05-13 08:07:13,38020,Power Seeker
1701,2024-12-01 17:56:16,,82116,Casual User
1702,2024-11-04 00:07:08,,16768,Casual User
1703,2024-05-17 05:30:59,,71029,Casual User
1704,2024-11-08 10:47:11,,13960,Casual User
1705,2024-11-27 06:41:20,,19815,Philosopher
1706,2024-08-09 18:51:37,,77145,Adventurer
1707,2024-07-27 18:54:24,,68360,Casual User
1708,2024-08-24 11:52:33,,51167,Casual User
1709,2024-03-29 21:15:38,,77825,Casual User
1710,2024-01-05 02:40:18,,10062,Adventurer
1711,2024-03-29 02:25:44,,26585,Casual User
1712,2024-07-06 19:13:56,,43693,Power Seeker
1713,2024-10-08 06:27:05,,43825,Adventurer
1714,2024-06-24 17:19:24,2024-07-24 17:19:24,34498,Casual User
1715,2024-05-16 07:29:02,2024-06-05 07:29:02,46512,Power Seeker
1716,2024-10-31 18:48:22,,22160,Adventurer
1717,2024-08-18 21:12:01,,53350,Casual User
1718,2024-10-05 16:42:12,,90841,Casual User
1719,2024-02-15 21:21:23,,38199,Philosopher
1720,2024-10-22 21:52:54,,24569,Power Seeker
1721,2024-05-19 12:50:31,,16754,Adventurer
1722,2024-10-28 16:37:12,,12529,Casual User
1723,2024-09-15 12:50:25,,92647,Casual User
1724,2024-12-18 18:46:40,,37815,Adventurer
1725,2024-07-03 22:51:38,,55550,Casual User
1726,2024-09-08 08:55:14,,33743,Casual User
1727,2024-04-21 09:37:15,,50038,Philosopher
1728,2024-11-07 06:23:54,,29848,Power Seeker
1729,2024-08-17 13:00:32,,25941,Casual User
1730,2024-09-18 07:25:40,,16700,Casual User
1731,2024-05-07 06:54:44,,90853,Casual User
1732,2024-02-09 08:00:31,,42821,Adventurer
1733,2024-06-30 16:57:12,2024-07-27 16:57:12,26919,Adventurer
1734,2024-04-03 19:02:25,,27935,Casual User
1735,2024-06-15 03:22:41,,20765,Casual User
1736,2024-01-24 00:13:01,,95115,Casual User
1737,2024-12-21 10:50:18,,51528,Philosopher
1738,2024-01-23 21:25:19,,64538,Adventurer
1739,2024-02-14 11:32:22,2024-05-16 11:32:22,27292,Casual User
1740,2024-04-24 00:06:24,,49329,Power Seeker
1741,2024-10-31 10:59:18,,19340,Casual User
1742,2024-06-28 23:20:23,,28700,Casual User
1743,2024-06-09 08:14:44,,36088,Casual User
1744,2024-08-22 05:16:31,2024-11-18 05:16:31,30542,Casual User
1745,2024-03-25 11:11:06,,81961,Casual User
1746,2024-10-19 17:38:49,,16018,Casual User
1747,2024-11-27 11:10:03,2025-02-11 11:10:03,19009,Casual User
1748,2024-04-30 05:13:33,,29078,Philosopher
1749,2024-04-17 14:25:43,,74967,Philosopher
1750,2024-09-18 04:36:37,,86873,Casual User
1751,2024-10-07 09:59:44,,49990,Philosopher
1752,2024-06-22 23:14:07,,29050,Casual User
1753,2024-04-12 22:22:32,2024-05-03 22:22:32,83020,Adventurer
1754,2024-08-09 06:06:59,,96183,Casual User
1755,2024-12-14 22:12:12,,69472,Adventurer
1756,2024-01-28 13:55:12,,38408,Adventurer
1757,2024-04-10 15:05:11,,94660,Casual User
1758,2024-02-06 15:15:55,,49850,Adventurer
1759,2024-08-08 18:48:04,,45430,Casual User
1760,2024-11-20 03:00:04,,50844,Adventurer
1761,2024-02-21 20:01:27,,85960,Philosopher
1762,2024-06-21 11:44:37,,14755,Power Seeker
1763,2024-12-02 17:26:06,,84251,Casual User
1764,2024-09-09 05:01:44,,90657,Philosopher
1765,2024-09-22 13:22:11,2024-10-19 13:22:11,15691,Adventurer
1766,2024-01-13 14:19:21,2024-02-25 14:19:21,93025,Adventurer
1767,2024-02-01 07:02:47,,69676,Power Seeker
1768,2024-07-20 18:19:58,,37917,Philosopher
1769,2024-09-21 06:26:44,2024-12-08 06:26:44,34593,Adventurer
1770,2024-01-24 06:42:58,,51700,Casual User
1771,2024-02-01 00:51:32,2024-04-19 00:51:32,21648,Power Seeker
1772,2024-10-20 05:38:37,,39517,Casual User
1773,2024-04-08 16:56:58,,83206,Philosopher
1774,2024-04-14 14:25:46,,68921,Casual User
1775,2024-11-06 11:51:27,,53775,Philosopher
1776,2024-12-08 06:23:16,,61387,Power Seeker
1777,2024-09-11 17:54:17,,61329,Philosopher
1778,2024-06-10 17:37:24,2024-06-29 17:37:24,87335,Casual User
1779,2024-06-21 00:34:54,,22125,Casual User
1780,2024-07-18 01:29:28,,36911,Adventurer
1781,2024-10-27 14:17:06,,65686,Casual User
1782,2024-05-24 11:14:15,,36098,Philosopher
1783,2024-12-08 05:25:04,2025-01-19 05:25:04,87142,Philosopher
1784,2024-12-05 03:14:29,,13593,Philosopher
1785,2024-08-22 08:48:27,2024-11-23 08:48:27,88379,Casual User
1786,2024-04-21 00:50:10,,81872,Casual User
1787,2024-03-23 14:39:52,,66887,Casual User
1788,2024-04-27 17:39:15,,60147,Casual User
1789,2024-09-18 01:12:42,2024-10-04 01:12:42,68471,Casual User
1790,2024-03-13 02:18:10,,14456,Casual User
1791,2024-05-16 15:27:54,,32715,Philosopher
1792,2024-05-15 03:51:33,,63626,Casual User
1793,2024-05-30 01:34:43,,20279,Power Seeker
1794,2024-05-23 07:51:02,,54353,Adventurer
1795,2024-12-04 21:16:05,,93368,Casual User
1796,2024-03-15 13:44:18,,26817,Philosopher
1797,2024-01-04 08:26:27,,38445,Casual User
1798,2024-02-02 23:45:13,2024-03-15 23:45:13,87947,Adventurer
1799,2024-01-22 07:04:51,,46397,Power Seeker
1800,2024-04-14 21:04:29,,46576,Adventurer
1801,2024-03-18 22:52:43,,76189,Adventurer
1802,2024-12-22 06:32:59,,50426,Casual User
1803,2024-03-24 00:28:01,,24341,Philosopher
1804,2024-04-10 16:29:09,,23991,Casual User
1805,2024-02-11 08:09:00,,27286,Casual User
1806,2024-12-12 20:48:04,2024-12-28 20:48:04,71817,Power Seeker
1807,2024-06-01 01:51:42,,86256,Philosopher
1808,2024-02-15 12:53:15,,90792,Casual User
1809,2024-02-23 19:09:34,,39565,Philosopher
1810,2024-11-26 13:50:52,,66194,Casual User
1811,2024-02-29 15:24:24,,27234,Casual User
1812,2024-02-24 06:34:30,,35041,Adventurer
1813,2024-02-18 19:17:09,2024-04-15 19:17:09,24879,Casual User
1814,2024-04-26 20:40:29,,34952,Casual User
1815,2024-02-10 21:58:01,,88440,Casual User
1816,2024-09-15 22:04:12,,35761,Casual User
1817,2024-06-14 23:13:33,2024-09-14 23:13:33,51804,Philosopher
1818,2024-11-03 03:38:08,,37718,Adventurer
1819,2024-11-11 22:55:36,,22824,Casual User
1820,2024-05-17 01:22:41,,20695,Casual User
1821,2024-12-22 10:02:52,,67402,Casual User
1822,2024-09-27 09:36:07,,63100,Philosopher
1823,2024-10-06 20:09:22,,58109,Casual User
1824,2024-07-05 08:06:50,2024-09-01 08:06:50,23767,Philosopher
1825,2024-06-17 03:04:19,2024-09-13 03:04:19,17832,Casual User
1826,2024-01-18 08:43:31,,35086,Casual User
1827,2024-08-19 15:38:18,,28905,Philosopher
1828,2024-09-23 15:46:38,,72472,Casual User
1829,2024-12-08 18:20:49,2025-02-25 18:20:49,55417,Casual User
1830,2024-11-18 09:34:34,,91854,Philosopher
1831,2024-10-08 04:33:35,,71384,Philosopher
1832,2024-04-15 02:26:38,,36895,Casual User
1833,2024-04-16 22:29:54,2024-06-01 22:29:54,53483,Casual User
1834,2024-08-14 01:23:31,2024-09-29 01:23:31,99782,Philosopher
1835,2024-12-05 04:53:01,,87373,Power Seeker
1836,2024-10-21 04:36:17,,11206,Philosopher
1837,2024-07-06 02:49:31,,69423,Adventurer
1838,2024-08-08 00:05:58,,69405,Casual User
1839,2024-11-18 10:02:20,,39345,Casual User
1840,2024-04-20 02:01:48,,26393,Casual User
1841,2024-08-12 09:31:35,,26676,Power Seeker
1842,2024-09-23 09:50:31,2024-10-09 09:50:31,76541,Philosopher
1843,2024-11-26 01:47:30,,99704,Casual User
1844,2024-02-17 02:36:29,,14270,Casual User
1845,2024-02-18 03:24:05,,97298,Philosopher
1846,2024-03-03 10:49:32,,21515,Philosopher
1847,2024-05-21 06:10:56,,39284,Adventurer
1848,2024-11-01 15:11:30,,49482,Casual User
1849,2024-11-13 21:16:02,,36926,Power Seeker
1850,2024-10-18 05:35:07,,53812,Casual User
1851,2024-07-15 02:05:14,,27461,Adventurer
1852,2024-07-03 20:55:20,,57275,Philosopher
1853,2024-03-09 10:48:45,2024-06-08 10:48:45,71527,Philosopher
1854,2024-06-15 22:43:59,,62821,Casual User
1855,2024-03-08 08:48:55,,61824,Adventurer
1856,2024-10-24 22:01:01,,56024,Adventurer
1857,2024-10-26 17:08:10,,41784,Philosopher
1858,2024-09-11 09:52:47,,54353,Casual User
1859,2024-01-16 18:48:22,2024-01-16 18:48:22,99000,Casual User
1860,2024-02-19 03:18:20,2024-04-12 03:18:20,16093,Philosopher
1861,2024-04-14 18:19:30,,78778,Casual User
1862,2024-06-13 09:15:09,,88818,Philosopher
1863,2024-07-23 22:42:38,,68519,Casual User
1864,2024-04-08 08:03:02,2024-04-11 08:03:02,26652,Casual User
1865,2024-06-14 23:27:13,,83915,Power Seeker
1866,2024-06-19 18:35:49,,99854,Casual User
1867,2024-12-12 07:42:30,,82239,Casual User
1868,2024-11-04 22:42:01,2025-01-09 22:42:01,34505,Casual User
1869,2024-07-05 04:30:42,,87648,Casual User
1870,2024-04-24 00:20:46,2024-07-18 00:20:46,45953,Power Seeker
1871,2024-04-26 12:16:02,,64923,Philosopher
1872,2024-05-09 23:34:28,,43504,Philosopher
1873,2024-01-09 23:21:21,,87272,Casual User
1874,2024-12-02 14:18:37,,22818,Casual User
1875,2024-02-13 03:36:02,,31419,Casual User
1876,2024-12-29 09:39:06,2025-01-14 09:39:06,12055,Casual User
1877,2024-02-06 23:29:28,,66023,Philosopher
1878,2024-02-24 00:39:05,2024-05-24 00:39:05,18211,Adventurer
1879,2024-03-26 18:18:00,,87190,Philosopher
1880,2024-05-26 17:53:00,,88415,Philosopher
1881,2024-05-07 23:57:41,,98255,Adventurer
1882,2024-02-15 15:06:55,,85772,Adventurer
1883,2024-02-16 07:38:21,,45314,Casual User
1884,2024-02-05 15:19:31,,74062,Casual User
1885,2024-12-03 05:54:39,,26287,Casual User
1886,2024-03-27 22:38:03,,59283,Philosopher
1887,2024-06-13 15:08:41,2024-09-08 15:08:41,69802,Casual User
1888,2024-09-06 09:18:47,2024-09-25 09:18:47,48579,Philosopher
1889,2024-08-18 00:39:12,,94469,Power Seeker
1890,2024-04-05 03:31:23,,30307,Casual User
1891,2024-06-13 17:07:53,,77348,Adventurer
1892,2024-02-24 22:01:38,,99160,Casual User
1893,2024-03-10 18:30:26,,39624,Casual User
1894,2024-10-04 21:46:04,2024-12-18 21:46:04,49939,Casual User
1895,2024-02-07 10:16:45,2024-04-03 10:16:45,47401,Philosopher
1896,2024-10-08 17:55:34,2024-11-11 17:55:34,61160,Casual User
1897,2024-03-27 04:40:34,,29576,Philosopher
1898,2024-11-16 11:13:59,,41488,Adventurer
1899,2024-05-08 10:06:14,2024-07-04 10:06:14,68022,Casual User
1900,2024-04-05 09:43:55,,54518,Adventurer
1901,2024-07-31 19:07:16,,22712,Casual User
1902,2024-03-27 09:04:33,,11345,Philosopher
1903,2024-09-19 10:30:04,,50237,Adventurer
1904,2024-06-02 20:01:44,,82602,Philosopher
1905,2024-10-01 16:09:12,2024-10-02 16:09:12,70932,Adventurer
1906,2024-04-12 01:16:24,,91335,Casual User
1907,2024-01-30 15:26:26,2024-03-09 15:26:26,74984,Casual User
1908,2024-02-24 14:46:28,,21554,Power Seeker
1909,2024-08-26 11:26:08,,34844,Philosopher
1910,2024-07-23 14:39:48,2024-09-19 14:39:48,25894,Adventurer
1911,2024-02-25 10:31:39,,72467,Casual User
1912,2024-03-26 20:13:15,,85933,Power Seeker
1913,2024-05-19 20:34:03,2024-05-30 20:34:03,68424,Philosopher
1914,2024-04-28 03:02:06,,44221,Adventurer
1915,2024-01-13 00:59:25,,75080,Adventurer
1916,2024-05-09 13:25:50,,15544,Casual User
1917,2024-03-07 14:43:27,,46103,Adventurer
1918,2024-11-03 17:41:14,,45114,Adventurer
1919,2024-01-01 00:27:16,,75147,Casual User
1920,2024-05-25 17:38:09,2024-08-21 17:38:09,22859,Philosopher
1921,2024-01-15 11:17:58,2024-01-31 11:17:58,53238,Adventurer
1922,2024-01-30 12:50:52,2024-02-29 12:50:52,42527,Casual User
1923,2024-10-16 05:38:57,2025-01-24 05:38:57,22844,Casual User
1924,2024-03-03 17:35:15,,94499,Philosopher
1925,2024-10-24 16:15:10,,77539,Casual User
1926,2024-01-22 13:38:06,2024-04-07 13:38:06,57239,Casual User
1927,2024-04-10 02:58:44,,44899,Philosopher
1928,2024-09-08 03:20:42,,85012,Adventurer
1929,2024-06-23 07:35:10,,69096,Philosopher
1930,2024-08-28 06:55:59,,91954,Philosopher
1931,2024-01-21 06:29:29,2024-04-06 06:29:29,88318,Casual User
1932,2024-11-06 01:38:11,,72649,Casual User
1933,2024-12-13 11:48:46,,72642,Adventurer
1934,2024-08-18 00:15:29,,98828,Casual User
1935,2024-03-26 09:18:00,,44585,Adventurer
1936,2024-02-02 02:05:14,,31914,Casual User
1937,2024-10-13 19:18:08,,46412,Power Seeker
1938,2024-03-11 00:36:10,2024-03-24 00:36:10,34285,Casual User
1939,2024-07-24 02:05:56,,67202,Casual User
1940,2024-03-23 17:58:10,,33368,Casual User
1941,2024-12-11 06:11:02,,36217,Casual User
1942,2024-12-12 03:49:56,,95761,Power Seeker
1943,2024-07-03 22:50:58,,91096,Adventurer
1944,2024-11-23 06:49:17,,48479,Casual User
1945,2024-04-21 15:54:03,,23523,Casual User
1946,2024-03-19 10:12:23,,90781,Casual User
1947,2024-04-24 04:47:13,2024-06-01 04:47:13,41378,Adventurer
1948,2024-11-07 23:29:21,2024-11-08 23:29:21,89237,Philosopher
1949,2024-04-12 21:57:04,2024-04-30 21:57:04,50230,Philosopher
1950,2024-07-03 00:07:55,,49437,Casual User
1951,2024-02-23 00:46:48,,65127,Casual User
1952,2024-06-29 08:11:06,2024-07-09 08:11:06,40302,Adventurer
1953,2024-06-23 07:53:26,2024-09-18 07:53:26,32070,Casual User
1954,2024-09-13 10:51:51,,38104,Casual User
1955,2024-10-04 22:25:30,2024-11-24 22:25:30,88476,Casual User
1956,2024-12-26 22:02:32,,45995,Casual User
1957,2024-02-03 13:54:23,,37070,Philosopher
1958,2024-03-09 14:02:45,,66572,Casual User
1959,2024-07-04 07:39:48,,90268,Philosopher
1960,2024-04-29 10:31:29,,95239,Casual User
1961,2024-02-02 09:01:14,,92397,Philosopher
1962,2024-01-19 22:58:47,,57534,Casual User
1963,2024-11-01 22:52:32,2024-12-04 22:52:32,84020,Philosopher
1964,2024-10-24 02:53:37,,82190,Casual User
1965,2024-03-13 23:55:14,,13546,Casual User
1966,2024-07-07 05:28:36,2024-09-03 05:28:36,81423,Casual User
1967,2024-08-29 21:12:31,2024-09-28 21:12:31,81113,Adventurer
1968,2024-08-01 19:29:12,,43720,Casual User
1969,2024-05-07 09:25:23,2024-07-22 09:25:23,77201,Casual User
1970,2024-09-03 10:12:08,2024-10-20 10:12:08,68879,Casual User
1971,2024-10-28 05:06:16,,20017,Casual User
1972,2024-01-30 05:43:05,,30141,Adventurer
1973,2024-10-29 19:44:02,,96648,Casual User
1974,2024-06-14 06:36:22,,67952,Casual User
1975,2024-01-30 21:50:25,,33343,Casual User
1976,2024-08-24 13:37:07,,68481,Casual User
1977,2024-07-06 15:31:20,,11430,Casual User
1978,2024-01-04 02:53:06,,80807,Power Seeker
1979,2024-06-29 10:03:10,,19589,Casual User
1980,2024-07-01 05:01:40,,44737,Casual User
1981,2024-02-29 04:56:48,,77025,Adventurer
1982,2024-04-13 04:17:43,,82627,Casual User
1983,2024-01-11 22:54:11,2024-03-12 22:54:11,15963,Casual User
1984,2024-06-14 22:51:26,2024-08-08 22:51:26,23780,Adventurer
1985,2024-04-13 22:57:50,2024-05-24 22:57:50,21966,Casual User
1986,2024-01-01 02:03:38,2024-02-02 02:03:38,82746,Adventurer
1987,2024-08-25 16:07:54,,75282,Power Seeker
1988,2024-12-09 22:24:57,,50491,Adventurer
1989,2024-04-19 09:37:26,,14189,Philosopher
1990,2024-05-23 17:53:39,,92985,Adventurer
1991,2024-03-10 00:00:39,2024-03-18 00:00:39,30301,Adventurer
1992,2024-02-08 02:11:57,,18849,Casual User
1993,2024-03-14 11:46:55,,16841,Casual User
1994,2024-11-05 11:47:25,,64396,Casual User
1995,2024-07-28 02:14:07,,64739,Philosopher
1996,2024-12-22 21:39:40,,30281,Adventurer
1997,2024-03-02 18:22:17,,81500,Adventurer
1998,2024-08-17 07:21:24,,73256,Casual User
1999,2024-11-15 18:51:31,,65429,Casual User
2000,2024-01-30 23:24:34,2024-03-12 23:24:34,93554,Casual User
